--inicio de población vecino_entity
-- Barcelona
INSERT INTO vecindario_entity (nombre, ciudad, localidad) VALUES ('El Raval', 'Barcelona', 'Ciutat Vella');
INSERT INTO vecindario_entity (nombre, ciudad, localidad) VALUES ('Gothic Quarter', 'Barcelona', 'Ciutat Vella');
INSERT INTO vecindario_entity (nombre, ciudad, localidad) VALUES ('El Poblenou', 'Barcelona', 'Sant Martí');
INSERT INTO vecindario_entity (nombre, ciudad, localidad) VALUES ('Gracia', 'Barcelona', 'Gracia');
INSERT INTO vecindario_entity (nombre, ciudad, localidad) VALUES ('El Born', 'Barcelona', 'Ciutat Vella');
INSERT INTO vecindario_entity (nombre, ciudad, localidad) VALUES ('Sants', 'Barcelona', 'Sants-Montjuïc');
INSERT INTO vecindario_entity (nombre, ciudad, localidad) VALUES ('La Barceloneta', 'Barcelona', 'Ciutat Vella');
INSERT INTO vecindario_entity (nombre, ciudad, localidad) VALUES ('Sarrià', 'Barcelona', 'Sarrià-Sant Gervasi');
INSERT INTO vecindario_entity (nombre, ciudad, localidad) VALUES ('El Clot', 'Barcelona', 'Sant Martí');
INSERT INTO vecindario_entity (nombre, ciudad, localidad) VALUES ('Horta', 'Barcelona', 'Horta-Guinardó');

-- Valencia
INSERT INTO vecindario_entity (nombre, ciudad, localidad) VALUES ('Patraix', 'Valencia', 'Patraix');
INSERT INTO vecindario_entity (nombre, ciudad, localidad) VALUES ('La Saidia', 'Valencia', 'La Saidia');
INSERT INTO vecindario_entity (nombre, ciudad, localidad) VALUES ('El Botanic', 'Valencia', 'Extramurs');
INSERT INTO vecindario_entity (nombre, ciudad, localidad) VALUES ('Ciutat de les Arts i les Ciències', 'Valencia', 'Quatre Carreres');
INSERT INTO vecindario_entity (nombre, ciudad, localidad) VALUES ('El Saler', 'Valencia', 'Poblats del Sud');

-- Madrid
INSERT INTO vecindario_entity (nombre, ciudad, localidad) VALUES ('Salamanca', 'Madrid', 'Salamanca');
INSERT INTO vecindario_entity (nombre, ciudad, localidad) VALUES ('Retiro', 'Madrid', 'Retiro');
INSERT INTO vecindario_entity (nombre, ciudad, localidad) VALUES ('Moncloa', 'Madrid', 'Moncloa-Aravaca');
INSERT INTO vecindario_entity (nombre, ciudad, localidad) VALUES ('Tetuán', 'Madrid', 'Tetuán');
INSERT INTO vecindario_entity (nombre, ciudad, localidad) VALUES ('Vallecas', 'Madrid', 'Puente de Vallecas');

--inicio de crear vecino_entity
insert into vecino_entity (id, nombre, edad, profile_Pic, descripcion, vecindario_id) values (1, 'Christian Espinoy', 60, 'https://robohash.org/eligendiaccusantiumlaborum.png?size=50x50&set=set1', 'Pusan National University', 5);
insert into vecino_entity (id, nombre, edad, profile_Pic, descripcion, vecindario_id) values (2, 'Kaitlyn Phelan', 37, 'https://robohash.org/sintconsequaturnon.png?size=50x50&set=set1', 'Western Bible College', 11);
insert into vecino_entity (id, nombre, edad, profile_Pic, descripcion, vecindario_id) values (3, 'Umeko Bartaletti', 42, 'https://robohash.org/perferendisidasperiores.png?size=50x50&set=set1', 'Georgian Court College', 19);
insert into vecino_entity (id, nombre, edad, profile_Pic, descripcion, vecindario_id) values (4, 'Marcille Laxston', 51, 'https://robohash.org/dictaautrerum.png?size=50x50&set=set1', 'University of Trinidad and Tobago', 18);
insert into vecino_entity (id, nombre, edad, profile_Pic, descripcion, vecindario_id) values (5, 'Etheline Nuzzti', 32, 'https://robohash.org/etipsumlaboriosam.png?size=50x50&set=set1', 'Escuela Politécnica de Chimborazo', 18);
insert into vecino_entity (id, nombre, edad, profile_Pic, descripcion, vecindario_id) values (6, 'Romain Moy', 35, 'https://robohash.org/voluptateplaceatmaxime.png?size=50x50&set=set1', 'Fontbonne College', 11);
insert into vecino_entity (id, nombre, edad, profile_Pic, descripcion, vecindario_id) values (7, 'Anjela Whatham', 39, 'https://robohash.org/quasiomnisaccusantium.png?size=50x50&set=set1', 'Spertus Institute of Jewish Studies', 6);
insert into vecino_entity (id, nombre, edad, profile_Pic, descripcion, vecindario_id) values (8, 'Collen Caustic', 18, 'https://robohash.org/aliasassumendarem.png?size=50x50&set=set1', 'Wesleyan University Philippines', 7);
insert into vecino_entity (id, nombre, edad, profile_Pic, descripcion, vecindario_id) values (9, 'Hugues Dredge', 33, 'https://robohash.org/etcupiditateporro.png?size=50x50&set=set1', 'Glendale University College of Law', 12);
insert into vecino_entity (id, nombre, edad, profile_Pic, descripcion, vecindario_id) values (10, 'Broddy Fulmen', 42, 'https://robohash.org/errorreiciendisab.png?size=50x50&set=set1', 'University of North America', 1);
insert into vecino_entity (id, nombre, edad, profile_Pic, descripcion, vecindario_id) values (11, 'Tyrone Gensavage', 31, 'https://robohash.org/quipariaturquidem.png?size=50x50&set=set1', 'Fachhochschule Koblenz', 5);
insert into vecino_entity (id, nombre, edad, profile_Pic, descripcion, vecindario_id) values (12, 'Shoshana Buick', 43, 'https://robohash.org/sedquodquisquam.png?size=50x50&set=set1', 'Nagoya Economics University', 14);
insert into vecino_entity (id, nombre, edad, profile_Pic, descripcion, vecindario_id) values (13, 'Harmonia Scardifeild', 27, 'https://robohash.org/voluptatemenimvoluptate.png?size=50x50&set=set1', 'Suleyman Demirel University', 18);
insert into vecino_entity (id, nombre, edad, profile_Pic, descripcion, vecindario_id) values (14, 'Bennie Maccree', 48, 'https://robohash.org/doloresarchitectoodit.png?size=50x50&set=set1', 'Indian Institute of Management, Tiruchirappalli', 2);
insert into vecino_entity (id, nombre, edad, profile_Pic, descripcion, vecindario_id) values (15, 'Darsey Commin', 54, 'https://robohash.org/velitconsequaturlaudantium.png?size=50x50&set=set1', 'University of Nova Gorica', 18);
insert into vecino_entity (id, nombre, edad, profile_Pic, descripcion, vecindario_id) values (16, 'Val Covelle', 56, 'https://robohash.org/nobissuntunde.png?size=50x50&set=set1', 'DIPLOMA-Fachhochschule Ölsnitz/Vogtland', 19);
insert into vecino_entity (id, nombre, edad, profile_Pic, descripcion, vecindario_id) values (17, 'Jilly Shoebrook', 25, 'https://robohash.org/reiciendisautblanditiis.png?size=50x50&set=set1', 'Takachiho University', 10);
insert into vecino_entity (id, nombre, edad, profile_Pic, descripcion, vecindario_id) values (18, 'Stanley Vidgen', 46, 'https://robohash.org/exercitationemimpeditad.png?size=50x50&set=set1', 'Kahramanmaras Sütcü Imam University', 19);
insert into vecino_entity (id, nombre, edad, profile_Pic, descripcion, vecindario_id) values (19, 'Odella Cornthwaite', 41, 'https://robohash.org/quasiomniscorporis.png?size=50x50&set=set1', 'University of Medicine and Pharmacy of Bucharest', 19);
insert into vecino_entity (id, nombre, edad, profile_Pic, descripcion, vecindario_id) values (20, 'Jerome Teece', 45, 'https://robohash.org/commodiestcorporis.png?size=50x50&set=set1', 'National Institute of Fitness and Sports Kanoya', 6);
insert into vecino_entity (id, nombre, edad, profile_Pic, descripcion, vecindario_id) values (21, 'Taite McKane', 29, 'https://robohash.org/quasidelectusoccaecati.png?size=50x50&set=set1', 'University of New England', 15);
insert into vecino_entity (id, nombre, edad, profile_Pic, descripcion, vecindario_id) values (22, 'Lucita Oliveti', 39, 'https://robohash.org/autconsequunturvoluptatem.png?size=50x50&set=set1', 'University of Music and Fine Arts', 2);
insert into vecino_entity (id, nombre, edad, profile_Pic, descripcion, vecindario_id) values (23, 'Leila Burcombe', 54, 'https://robohash.org/rerumtemporeest.png?size=50x50&set=set1', 'Universidade Estadual de Londrina', 1);
insert into vecino_entity (id, nombre, edad, profile_Pic, descripcion, vecindario_id) values (24, 'Keen Wapol', 24, 'https://robohash.org/autametdolor.png?size=50x50&set=set1', 'Cleveland Chiropractic College, Los Angeles', 3);
insert into vecino_entity (id, nombre, edad, profile_Pic, descripcion, vecindario_id) values (25, 'Gradey Bonellie', 51, 'https://robohash.org/rerumveniamest.png?size=50x50&set=set1', 'Shanghai Ouhua Vocational Technical College', 2);
insert into vecino_entity (id, nombre, edad, profile_Pic, descripcion, vecindario_id) values (26, 'Henrie Gilder', 33, 'https://robohash.org/accusantiuminciduntsimilique.png?size=50x50&set=set1', 'Fachhochschule Kufstein (Tirol)', 10);
insert into vecino_entity (id, nombre, edad, profile_Pic, descripcion, vecindario_id) values (27, 'Kalie Cherrington', 23, 'https://robohash.org/estconsequaturut.png?size=50x50&set=set1', 'Bohai University', 6);
insert into vecino_entity (id, nombre, edad, profile_Pic, descripcion, vecindario_id) values (28, 'Artemus Bolding', 49, 'https://robohash.org/placeatestnon.png?size=50x50&set=set1', 'Andrews University', 11);
insert into vecino_entity (id, nombre, edad, profile_Pic, descripcion, vecindario_id) values (29, 'Raine Alexandre', 21, 'https://robohash.org/atnisicum.png?size=50x50&set=set1', 'Universidad de Carabobo', 7);
insert into vecino_entity (id, nombre, edad, profile_Pic, descripcion, vecindario_id) values (30, 'Alden Mosconi', 24, 'https://robohash.org/modiaccusantiumconsequuntur.png?size=50x50&set=set1', 'University of Fort Hare', 6);
insert into vecino_entity (id, nombre, edad, profile_Pic, descripcion, vecindario_id) values (31, 'Leona Thorley', 28, 'https://robohash.org/doloremqueomnisest.png?size=50x50&set=set1', 'Shri Jagannath Sanskrit University', 14);
insert into vecino_entity (id, nombre, edad, profile_Pic, descripcion, vecindario_id) values (32, 'Fernande Syvret', 37, 'https://robohash.org/etautexercitationem.png?size=50x50&set=set1', 'Bluffton College', 20);
insert into vecino_entity (id, nombre, edad, profile_Pic, descripcion, vecindario_id) values (33, 'Garvy D''Emanuele', 21, 'https://robohash.org/eumoditrerum.png?size=50x50&set=set1', 'Siebold University of Nagasaki', 19);
insert into vecino_entity (id, nombre, edad, profile_Pic, descripcion, vecindario_id) values (34, 'Lauren Queripel', 56, 'https://robohash.org/doloribusassumendaest.png?size=50x50&set=set1', 'Instituto Politécnico de Bragança', 11);
insert into vecino_entity (id, nombre, edad, profile_Pic, descripcion, vecindario_id) values (35, 'Dominick Degan', 29, 'https://robohash.org/excepturiofficianon.png?size=50x50&set=set1', 'Srinakharinwirot University', 9);
insert into vecino_entity (id, nombre, edad, profile_Pic, descripcion, vecindario_id) values (36, 'Ciel Bert', 49, 'https://robohash.org/autmagnamet.png?size=50x50&set=set1', 'Indiana State University', 5);
insert into vecino_entity (id, nombre, edad, profile_Pic, descripcion, vecindario_id) values (37, 'Rheta Anfrey', 26, 'https://robohash.org/quoshicquaerat.png?size=50x50&set=set1', 'Universidad Agroforestal Fernando A.Meriño', 16);
insert into vecino_entity (id, nombre, edad, profile_Pic, descripcion, vecindario_id) values (38, 'Suzanne Horsewood', 34, 'https://robohash.org/illoutqui.png?size=50x50&set=set1', 'University of Western Australia', 4);
insert into vecino_entity (id, nombre, edad, profile_Pic, descripcion, vecindario_id) values (39, 'Nonah McGillacoell', 53, 'https://robohash.org/temporaquiapossimus.png?size=50x50&set=set1', 'State University of Management', 20);
insert into vecino_entity (id, nombre, edad, profile_Pic, descripcion, vecindario_id) values (40, 'Nathanil Rodolico', 39, 'https://robohash.org/aliasutmagnam.png?size=50x50&set=set1', 'Islamic University in Uganda', 8);
insert into vecino_entity (id, nombre, edad, profile_Pic, descripcion, vecindario_id) values (41, 'Pepita Dagg', 44, 'https://robohash.org/aspernaturenimquibusdam.png?size=50x50&set=set1', 'Warsaw School of Information Technology', 19);
insert into vecino_entity (id, nombre, edad, profile_Pic, descripcion, vecindario_id) values (42, 'Vera Warke', 34, 'https://robohash.org/voluptasquosid.png?size=50x50&set=set1', 'John Cabot University', 1);
insert into vecino_entity (id, nombre, edad, profile_Pic, descripcion, vecindario_id) values (43, 'Moll Gircke', 30, 'https://robohash.org/laboriosamvoluptassit.png?size=50x50&set=set1', 'Shandong Normal University', 1);
insert into vecino_entity (id, nombre, edad, profile_Pic, descripcion, vecindario_id) values (44, 'Hakeem Cail', 46, 'https://robohash.org/etaliquiddistinctio.png?size=50x50&set=set1', 'Novgorod State University', 8);
insert into vecino_entity (id, nombre, edad, profile_Pic, descripcion, vecindario_id) values (45, 'Florencia Lambdon', 43, 'https://robohash.org/eosliberofacilis.png?size=50x50&set=set1', 'Dallas Christian College', 4);
insert into vecino_entity (id, nombre, edad, profile_Pic, descripcion, vecindario_id) values (46, 'Genevra Slemming', 35, 'https://robohash.org/doloremmaioresiusto.png?size=50x50&set=set1', 'University Canada West', 7);
insert into vecino_entity (id, nombre, edad, profile_Pic, descripcion, vecindario_id) values (47, 'Adara Hazart', 53, 'https://robohash.org/enimrerumsoluta.png?size=50x50&set=set1', 'Middlesex University', 10);
insert into vecino_entity (id, nombre, edad, profile_Pic, descripcion, vecindario_id) values (48, 'Rodolph Dwelling', 47, 'https://robohash.org/dolorumadrerum.png?size=50x50&set=set1', 'Fachhochschule Bochum', 11);
insert into vecino_entity (id, nombre, edad, profile_Pic, descripcion, vecindario_id) values (49, 'Billye Gennerich', 40, 'https://robohash.org/laboriosamquovoluptatum.png?size=50x50&set=set1', 'National Institute of Technology, Durgapur', 14);
insert into vecino_entity (id, nombre, edad, profile_Pic, descripcion, vecindario_id) values (50, 'Paxon Golightly', 23, 'https://robohash.org/enimofficiispraesentium.png?size=50x50&set=set1', 'Universidad del Norte', 1);
--fin de crear vecino_entity
-- crear grupos de interes

insert into GRUPOS_DE_INTERES_ENTITY (id, DESCRIPCION, NOMBRE) values (1, 'Un grupo hecho sola para las personas más valientes y comprometidas', 'voluntariado');
insert into GRUPOS_DE_INTERES_ENTITY (id, DESCRIPCION, NOMBRE) values (2, 'Un grupo hecho sola para las personas más valientes y comprometidas', 'teatro');
insert into GRUPOS_DE_INTERES_ENTITY (id, DESCRIPCION, NOMBRE) values (3, 'Este es un grupo con el que podemos crecer en lo que nos gusta', 'música');
insert into GRUPOS_DE_INTERES_ENTITY (id, DESCRIPCION, NOMBRE) values (4, 'Este es un grupo para que todos podamos divertirnos y pasarla bien', 'tenis');
insert into GRUPOS_DE_INTERES_ENTITY (id, DESCRIPCION, NOMBRE) values (5, 'Este es un grupo para que todos podamos divertirnos y pasarla bien', 'natación');
insert into GRUPOS_DE_INTERES_ENTITY (id, DESCRIPCION, NOMBRE) values (6, 'Este es un grupo para que todos podamos divertirnos y pasarla bien', 'fútbol');
insert into GRUPOS_DE_INTERES_ENTITY (id, DESCRIPCION, NOMBRE) values (7, 'Un grupo hecho sola para las personas más valientes y comprometidas', 'fútbol');
insert into GRUPOS_DE_INTERES_ENTITY (id, DESCRIPCION, NOMBRE) values (8, 'Este es un grupo para que todos podamos divertirnos y pasarla bien', 'natación');
insert into GRUPOS_DE_INTERES_ENTITY (id, DESCRIPCION, NOMBRE) values (9, 'Este es un grupo con el que podemos crecer en lo que nos gusta', 'música');
insert into GRUPOS_DE_INTERES_ENTITY (id, DESCRIPCION, NOMBRE) values (10, 'Un grupo hecho sola para las personas más valientes y comprometidas', 'baloncesto');
insert into GRUPOS_DE_INTERES_ENTITY (id, DESCRIPCION, NOMBRE) values (11, 'Este es un grupo para que todos podamos divertirnos y pasarla bien', 'teatro');
insert into GRUPOS_DE_INTERES_ENTITY (id, DESCRIPCION, NOMBRE) values (12, 'Este es un grupo con el que podemos crecer en lo que nos gusta', 'música');
insert into GRUPOS_DE_INTERES_ENTITY (id, DESCRIPCION, NOMBRE) values (13, 'Este es un grupo con el que podemos crecer en lo que nos gusta', 'música');
insert into GRUPOS_DE_INTERES_ENTITY (id, DESCRIPCION, NOMBRE) values (14, 'Este es un grupo con el que podemos crecer en lo que nos gusta', 'baloncesto');
insert into GRUPOS_DE_INTERES_ENTITY (id, DESCRIPCION, NOMBRE) values (15, 'Este es un grupo con el que podemos crecer en lo que nos gusta', 'música');
insert into GRUPOS_DE_INTERES_ENTITY (id, DESCRIPCION, NOMBRE) values (16, 'Un grupo hecho sola para las personas más valientes y comprometidas', 'voluntariado');
insert into GRUPOS_DE_INTERES_ENTITY (id, DESCRIPCION, NOMBRE) values (17, 'Un grupo hecho sola para las personas más valientes y comprometidas', 'natación');
insert into GRUPOS_DE_INTERES_ENTITY (id, DESCRIPCION, NOMBRE) values (18, 'Este es un grupo con el que podemos crecer en lo que nos gusta', 'natación');
insert into GRUPOS_DE_INTERES_ENTITY (id, DESCRIPCION, NOMBRE) values (19, 'Un grupo hecho sola para las personas más valientes y comprometidas', 'baloncesto');
insert into GRUPOS_DE_INTERES_ENTITY (id, DESCRIPCION, NOMBRE) values (20, 'Este es un grupo para que todos podamos divertirnos y pasarla bien', 'tenis');
insert into GRUPOS_DE_INTERES_ENTITY (id, DESCRIPCION, NOMBRE) values (21, 'Este es un grupo con el que podemos crecer en lo que nos gusta', 'arte');
insert into GRUPOS_DE_INTERES_ENTITY (id, DESCRIPCION, NOMBRE) values (22, 'Este es un grupo con el que podemos crecer en lo que nos gusta', 'voluntariado');
insert into GRUPOS_DE_INTERES_ENTITY (id, DESCRIPCION, NOMBRE) values (23, 'Este es un grupo con el que podemos crecer en lo que nos gusta', 'natación');
insert into GRUPOS_DE_INTERES_ENTITY (id, DESCRIPCION, NOMBRE) values (24, 'Un grupo hecho sola para las personas más valientes y comprometidas', 'natación');
insert into GRUPOS_DE_INTERES_ENTITY (id, DESCRIPCION, NOMBRE) values (25, 'Un grupo hecho sola para las personas más valientes y comprometidas', 'arte');
insert into GRUPOS_DE_INTERES_ENTITY (id, DESCRIPCION, NOMBRE) values (26, 'Este es un grupo para que todos podamos divertirnos y pasarla bien', 'natación');
insert into GRUPOS_DE_INTERES_ENTITY (id, DESCRIPCION, NOMBRE) values (27, 'Este es un grupo para que todos podamos divertirnos y pasarla bien', 'natación');
insert into GRUPOS_DE_INTERES_ENTITY (id, DESCRIPCION, NOMBRE) values (28, 'Un grupo hecho sola para las personas más valientes y comprometidas', 'teatro');
insert into GRUPOS_DE_INTERES_ENTITY (id, DESCRIPCION, NOMBRE) values (29, 'Un grupo hecho sola para las personas más valientes y comprometidas', 'tenis');
insert into GRUPOS_DE_INTERES_ENTITY (id, DESCRIPCION, NOMBRE) values (30, 'Este es un grupo para que todos podamos divertirnos y pasarla bien', 'música');
insert into GRUPOS_DE_INTERES_ENTITY (id, DESCRIPCION, NOMBRE) values (31, 'Este es un grupo con el que podemos crecer en lo que nos gusta', 'música');
insert into GRUPOS_DE_INTERES_ENTITY (id, DESCRIPCION, NOMBRE) values (32, 'Este es un grupo para que todos podamos divertirnos y pasarla bien', 'fútbol');
insert into GRUPOS_DE_INTERES_ENTITY (id, DESCRIPCION, NOMBRE) values (33, 'Este es un grupo para que todos podamos divertirnos y pasarla bien', 'fútbol');
insert into GRUPOS_DE_INTERES_ENTITY (id, DESCRIPCION, NOMBRE) values (34, 'Este es un grupo para que todos podamos divertirnos y pasarla bien', 'música');
insert into GRUPOS_DE_INTERES_ENTITY (id, DESCRIPCION, NOMBRE) values (35, 'Este es un grupo con el que podemos crecer en lo que nos gusta', 'tenis');
insert into GRUPOS_DE_INTERES_ENTITY (id, DESCRIPCION, NOMBRE) values (36, 'Un grupo hecho sola para las personas más valientes y comprometidas', 'baloncesto');
insert into GRUPOS_DE_INTERES_ENTITY (id, DESCRIPCION, NOMBRE) values (37, 'Este es un grupo con el que podemos crecer en lo que nos gusta', 'voluntariado');
insert into GRUPOS_DE_INTERES_ENTITY (id, DESCRIPCION, NOMBRE) values (38, 'Un grupo hecho sola para las personas más valientes y comprometidas', 'fútbol');
insert into GRUPOS_DE_INTERES_ENTITY (id, DESCRIPCION, NOMBRE) values (39, 'Un grupo hecho sola para las personas más valientes y comprometidas', 'teatro');
insert into GRUPOS_DE_INTERES_ENTITY (id, DESCRIPCION, NOMBRE) values (40, 'Este es un grupo con el que podemos crecer en lo que nos gusta', 'tenis');
insert into GRUPOS_DE_INTERES_ENTITY (id, DESCRIPCION, NOMBRE) values (41, 'Este es un grupo para que todos podamos divertirnos y pasarla bien', 'natación');
insert into GRUPOS_DE_INTERES_ENTITY (id, DESCRIPCION, NOMBRE) values (42, 'Este es un grupo para que todos podamos divertirnos y pasarla bien', 'fútbol');
insert into GRUPOS_DE_INTERES_ENTITY (id, DESCRIPCION, NOMBRE) values (43, 'Un grupo hecho sola para las personas más valientes y comprometidas', 'arte');
insert into GRUPOS_DE_INTERES_ENTITY (id, DESCRIPCION, NOMBRE) values (44, 'Un grupo hecho sola para las personas más valientes y comprometidas', 'voluntariado');
insert into GRUPOS_DE_INTERES_ENTITY (id, DESCRIPCION, NOMBRE) values (45, 'Un grupo hecho sola para las personas más valientes y comprometidas', 'arte');
insert into GRUPOS_DE_INTERES_ENTITY (id, DESCRIPCION, NOMBRE) values (46, 'Un grupo hecho sola para las personas más valientes y comprometidas', 'voluntariado');
insert into GRUPOS_DE_INTERES_ENTITY (id, DESCRIPCION, NOMBRE) values (47, 'Un grupo hecho sola para las personas más valientes y comprometidas', 'tenis');
insert into GRUPOS_DE_INTERES_ENTITY (id, DESCRIPCION, NOMBRE) values (48, 'Este es un grupo para que todos podamos divertirnos y pasarla bien', 'arte');
insert into GRUPOS_DE_INTERES_ENTITY (id, DESCRIPCION, NOMBRE) values (49, 'Un grupo hecho sola para las personas más valientes y comprometidas', 'baloncesto');
insert into GRUPOS_DE_INTERES_ENTITY (id, DESCRIPCION, NOMBRE) values (50, 'Este es un grupo para que todos podamos divertirnos y pasarla bien', 'teatro');

-- relacion vecino - grupo de interes
insert into GRUPOS_DE_INTERES_ENTITY_VECINOS  (GRUPOS_DE_INTERES_ID , VECINOS_ID ) values (1, 26);
insert into GRUPOS_DE_INTERES_ENTITY_VECINOS  (GRUPOS_DE_INTERES_ID , VECINOS_ID ) values (2, 2);
insert into GRUPOS_DE_INTERES_ENTITY_VECINOS  (GRUPOS_DE_INTERES_ID , VECINOS_ID ) values (3, 43);
insert into GRUPOS_DE_INTERES_ENTITY_VECINOS  (GRUPOS_DE_INTERES_ID , VECINOS_ID ) values (4, 27);
insert into GRUPOS_DE_INTERES_ENTITY_VECINOS  (GRUPOS_DE_INTERES_ID , VECINOS_ID ) values (5, 20);
insert into GRUPOS_DE_INTERES_ENTITY_VECINOS  (GRUPOS_DE_INTERES_ID , VECINOS_ID ) values (6, 35);
insert into GRUPOS_DE_INTERES_ENTITY_VECINOS  (GRUPOS_DE_INTERES_ID , VECINOS_ID ) values (7, 20);
insert into GRUPOS_DE_INTERES_ENTITY_VECINOS  (GRUPOS_DE_INTERES_ID , VECINOS_ID ) values (8, 26);
insert into GRUPOS_DE_INTERES_ENTITY_VECINOS  (GRUPOS_DE_INTERES_ID , VECINOS_ID ) values (9, 44);
insert into GRUPOS_DE_INTERES_ENTITY_VECINOS  (GRUPOS_DE_INTERES_ID , VECINOS_ID ) values (10, 24);
insert into GRUPOS_DE_INTERES_ENTITY_VECINOS  (GRUPOS_DE_INTERES_ID , VECINOS_ID ) values (11, 21);
insert into GRUPOS_DE_INTERES_ENTITY_VECINOS  (GRUPOS_DE_INTERES_ID , VECINOS_ID ) values (12, 31);
insert into GRUPOS_DE_INTERES_ENTITY_VECINOS  (GRUPOS_DE_INTERES_ID , VECINOS_ID ) values (13, 44);
insert into GRUPOS_DE_INTERES_ENTITY_VECINOS  (GRUPOS_DE_INTERES_ID , VECINOS_ID ) values (14, 47);
insert into GRUPOS_DE_INTERES_ENTITY_VECINOS  (GRUPOS_DE_INTERES_ID , VECINOS_ID ) values (15, 29);
insert into GRUPOS_DE_INTERES_ENTITY_VECINOS  (GRUPOS_DE_INTERES_ID , VECINOS_ID ) values (16, 8);
insert into GRUPOS_DE_INTERES_ENTITY_VECINOS  (GRUPOS_DE_INTERES_ID , VECINOS_ID ) values (17, 29);
insert into GRUPOS_DE_INTERES_ENTITY_VECINOS  (GRUPOS_DE_INTERES_ID , VECINOS_ID ) values (18, 46);
insert into GRUPOS_DE_INTERES_ENTITY_VECINOS  (GRUPOS_DE_INTERES_ID , VECINOS_ID ) values (19, 44);
insert into GRUPOS_DE_INTERES_ENTITY_VECINOS  (GRUPOS_DE_INTERES_ID , VECINOS_ID ) values (20, 10);
insert into GRUPOS_DE_INTERES_ENTITY_VECINOS  (GRUPOS_DE_INTERES_ID , VECINOS_ID ) values (21, 17);
insert into GRUPOS_DE_INTERES_ENTITY_VECINOS  (GRUPOS_DE_INTERES_ID , VECINOS_ID ) values (22, 32);
insert into GRUPOS_DE_INTERES_ENTITY_VECINOS  (GRUPOS_DE_INTERES_ID , VECINOS_ID ) values (23, 30);
insert into GRUPOS_DE_INTERES_ENTITY_VECINOS  (GRUPOS_DE_INTERES_ID , VECINOS_ID ) values (24, 4);
insert into GRUPOS_DE_INTERES_ENTITY_VECINOS  (GRUPOS_DE_INTERES_ID , VECINOS_ID ) values (25, 24);
insert into GRUPOS_DE_INTERES_ENTITY_VECINOS  (GRUPOS_DE_INTERES_ID , VECINOS_ID ) values (26, 5);
insert into GRUPOS_DE_INTERES_ENTITY_VECINOS  (GRUPOS_DE_INTERES_ID , VECINOS_ID ) values (27, 11);
insert into GRUPOS_DE_INTERES_ENTITY_VECINOS  (GRUPOS_DE_INTERES_ID , VECINOS_ID ) values (28, 9);
insert into GRUPOS_DE_INTERES_ENTITY_VECINOS  (GRUPOS_DE_INTERES_ID , VECINOS_ID ) values (29, 15);
insert into GRUPOS_DE_INTERES_ENTITY_VECINOS  (GRUPOS_DE_INTERES_ID , VECINOS_ID ) values (30, 6);
insert into GRUPOS_DE_INTERES_ENTITY_VECINOS  (GRUPOS_DE_INTERES_ID , VECINOS_ID ) values (31, 7);
insert into GRUPOS_DE_INTERES_ENTITY_VECINOS  (GRUPOS_DE_INTERES_ID , VECINOS_ID ) values (32, 45);
insert into GRUPOS_DE_INTERES_ENTITY_VECINOS  (GRUPOS_DE_INTERES_ID , VECINOS_ID ) values (33, 28);
insert into GRUPOS_DE_INTERES_ENTITY_VECINOS  (GRUPOS_DE_INTERES_ID , VECINOS_ID ) values (34, 37);
insert into GRUPOS_DE_INTERES_ENTITY_VECINOS  (GRUPOS_DE_INTERES_ID , VECINOS_ID ) values (35, 23);
insert into GRUPOS_DE_INTERES_ENTITY_VECINOS  (GRUPOS_DE_INTERES_ID , VECINOS_ID ) values (36, 35);
insert into GRUPOS_DE_INTERES_ENTITY_VECINOS  (GRUPOS_DE_INTERES_ID , VECINOS_ID ) values (37, 45);
insert into GRUPOS_DE_INTERES_ENTITY_VECINOS  (GRUPOS_DE_INTERES_ID , VECINOS_ID ) values (38, 32);
insert into GRUPOS_DE_INTERES_ENTITY_VECINOS  (GRUPOS_DE_INTERES_ID , VECINOS_ID ) values (39, 48);
insert into GRUPOS_DE_INTERES_ENTITY_VECINOS  (GRUPOS_DE_INTERES_ID , VECINOS_ID ) values (40, 32);
insert into GRUPOS_DE_INTERES_ENTITY_VECINOS  (GRUPOS_DE_INTERES_ID , VECINOS_ID ) values (41, 17);
insert into GRUPOS_DE_INTERES_ENTITY_VECINOS  (GRUPOS_DE_INTERES_ID , VECINOS_ID ) values (42, 34);
insert into GRUPOS_DE_INTERES_ENTITY_VECINOS  (GRUPOS_DE_INTERES_ID , VECINOS_ID ) values (43, 44);
insert into GRUPOS_DE_INTERES_ENTITY_VECINOS  (GRUPOS_DE_INTERES_ID , VECINOS_ID ) values (44, 15);
insert into GRUPOS_DE_INTERES_ENTITY_VECINOS  (GRUPOS_DE_INTERES_ID , VECINOS_ID ) values (45, 8);
insert into GRUPOS_DE_INTERES_ENTITY_VECINOS  (GRUPOS_DE_INTERES_ID , VECINOS_ID ) values (46, 27);
insert into GRUPOS_DE_INTERES_ENTITY_VECINOS  (GRUPOS_DE_INTERES_ID , VECINOS_ID ) values (47, 32);
insert into GRUPOS_DE_INTERES_ENTITY_VECINOS  (GRUPOS_DE_INTERES_ID , VECINOS_ID ) values (48, 42);
insert into GRUPOS_DE_INTERES_ENTITY_VECINOS  (GRUPOS_DE_INTERES_ID , VECINOS_ID ) values (49, 46);
insert into GRUPOS_DE_INTERES_ENTITY_VECINOS  (GRUPOS_DE_INTERES_ID , VECINOS_ID ) values (50, 31);

--centros comerciales
INSERT INTO centro_comercial_entity (calificacion, descripcion, nombre, ubicacion, vecindario_id) VALUES
(4.2, 'Gran centro comercial', 'Mall Plaza', 'Calle Principal 123', 1);

INSERT INTO centro_comercial_entity (calificacion, descripcion, nombre, ubicacion, vecindario_id) VALUES
(3.8, 'Destino urbano de compras', 'City Center Mall', 'Avenida Roble 456', 2);

INSERT INTO centro_comercial_entity (calificacion, descripcion, nombre, ubicacion, vecindario_id) VALUES
(4.5, 'Compras y entretenimiento', 'Sunset Plaza', 'Calle Arce 789', 3);

INSERT INTO centro_comercial_entity (calificacion, descripcion, nombre, ubicacion, vecindario_id) VALUES
(4.0, 'Núcleo central de compras', 'Downtown Square Mall', 'Boulevard Pino 101', 4);

INSERT INTO centro_comercial_entity (calificacion, descripcion, nombre, ubicacion, vecindario_id) VALUES
(4.8, 'Experiencia de compras frente al mar', 'Harbor View Mall', 'Drive Lakeshore 202', 5);

INSERT INTO centro_comercial_entity (calificacion, descripcion, nombre, ubicacion, vecindario_id) VALUES
(3.5, 'Terapia de compras en el valle', 'Valley Mall', 'Calle Valley 555', 6);

INSERT INTO centro_comercial_entity (calificacion, descripcion, nombre, ubicacion, vecindario_id) VALUES
(4.1, 'Compras con temática tropical', 'Palm Oasis Shopping Center', 'Calle Palm 777', 7);

INSERT INTO centro_comercial_entity (calificacion, descripcion, nombre, ubicacion, vecindario_id) VALUES
(3.9, 'Compras orientadas al tránsito', 'Metro Junction', 'Transit Lane 888', 8);

INSERT INTO centro_comercial_entity (calificacion, descripcion, nombre, ubicacion, vecindario_id) VALUES
(4.4, 'Compras inspiradas en la naturaleza', 'Silver Springs Plaza', 'Silver Street 999', 9);

INSERT INTO centro_comercial_entity (calificacion, descripcion, nombre, ubicacion, vecindario_id) VALUES
(4.2, 'Compras entre espacios verdes', 'Central Park Mall', 'Avenida Park 111', 1);

INSERT INTO centro_comercial_entity (calificacion, descripcion, nombre, ubicacion, vecindario_id) VALUES
(4.2, 'Gran centro comercial', 'Mall Plaza', 'Calle Principal 123', 1);

INSERT INTO centro_comercial_entity (calificacion, descripcion, nombre, ubicacion, vecindario_id) VALUES
(3.8, 'Destino urbano de compras', 'City Center Mall', 'Avenida Roble 456', 1);

INSERT INTO centro_comercial_entity (calificacion, descripcion, nombre, ubicacion, vecindario_id) VALUES
(4.5, 'Compras y entretenimiento', 'Sunset Plaza', 'Calle Arce 789', 13);

INSERT INTO centro_comercial_entity (calificacion, descripcion, nombre, ubicacion, vecindario_id) VALUES
(4.0, 'Núcleo central de compras', 'Downtown Square Mall', 'Boulevard Pino 101', 14);

INSERT INTO centro_comercial_entity (calificacion, descripcion, nombre, ubicacion, vecindario_id) VALUES
(4.8, 'Experiencia de compras frente al mar', 'Harbor View Mall', 'Drive Lakeshore 202', 15);

INSERT INTO centro_comercial_entity (calificacion, descripcion, nombre, ubicacion, vecindario_id) VALUES
(3.5, 'Terapia de compras en el valle', 'Valley Mall', 'Calle Valley 555', 16);

INSERT INTO centro_comercial_entity (calificacion, descripcion, nombre, ubicacion, vecindario_id) VALUES
(4.1, 'Compras con temática tropical', 'Palm Oasis Shopping Center', 'Calle Palm 777', 17);

INSERT INTO centro_comercial_entity (calificacion, descripcion, nombre, ubicacion, vecindario_id) VALUES
(3.9, 'Compras orientadas al tránsito', 'Metro Junction', 'Transit Lane 888', 18);

INSERT INTO centro_comercial_entity (calificacion, descripcion, nombre, ubicacion, vecindario_id) VALUES
(4.4, 'Compras inspiradas en la naturaleza', 'Silver Springs Plaza', 'Silver Street 999', 19);

INSERT INTO centro_comercial_entity (calificacion, descripcion, nombre, ubicacion, vecindario_id) VALUES
(4.2, 'Compras entre espacios verdes', 'Central Park Mall', 'Avenida Park 111', 20);
--zona verde
insert into zona_verde_entity (id, nombre, descripcion, ubicacion, preferencias, calificacion, vecindario_id) values (1, 'Jamaal McGenis', 'Cras mi pede, malesuada in, imperdiet et, commodo vulputate, justo. In blandit ultrices enim. Lorem ipsum dolor sit amet, consectetuer adipiscing elit.', 'Suite 66', 'Blue', 2, 10);
insert into zona_verde_entity (id, nombre, descripcion, ubicacion, preferencias, calificacion, vecindario_id) values (2, 'Kimball Cleland', 'Proin leo odio, porttitor id, consequat in, consequat ut, nulla. Sed accumsan felis. Ut at dolor quis odio consequat varius.', 'Room 1755', 'Puce', 3, 19);
insert into zona_verde_entity (id, nombre, descripcion, ubicacion, preferencias, calificacion, vecindario_id) values (3, 'Ginny Speares', 'Curabitur in libero ut massa volutpat convallis. Morbi odio odio, elementum eu, interdum eu, tincidunt in, leo. Maecenas pulvinar lobortis est.', '7th Floor', 'Khaki', 2, 15);
insert into zona_verde_entity (id, nombre, descripcion, ubicacion, preferencias, calificacion, vecindario_id) values (4, 'Sumner Croker', 'In hac habitasse platea dictumst. Morbi vestibulum, velit id pretium iaculis, diam erat fermentum justo, nec condimentum neque sapien placerat ante. Nulla justo.', 'Apt 1036', 'Purple', 1, 9);
insert into zona_verde_entity (id, nombre, descripcion, ubicacion, preferencias, calificacion, vecindario_id) values (5, 'Nelly Huyge', 'Fusce posuere felis sed lacus. Morbi sem mauris, laoreet ut, rhoncus aliquet, pulvinar sed, nisl. Nunc rhoncus dui vel sem.', 'Suite 36', 'Fuscia', 4, 14);
insert into zona_verde_entity (id, nombre, descripcion, ubicacion, preferencias, calificacion, vecindario_id) values (6, 'Raeann Packwood', 'Integer ac leo. Pellentesque ultrices mattis odio. Donec vitae nisi.', 'Suite 79', 'Yellow', 5, 18);
insert into zona_verde_entity (id, nombre, descripcion, ubicacion, preferencias, calificacion, vecindario_id) values (7, 'Corilla Brosenius', 'Nullam porttitor lacus at turpis. Donec posuere metus vitae ipsum. Aliquam non mauris.', 'Apt 551', 'Fuscia', 5, 4);
insert into zona_verde_entity (id, nombre, descripcion, ubicacion, preferencias, calificacion, vecindario_id) values (8, 'Archibaldo Willshire', 'Praesent blandit. Nam nulla. Integer pede justo, lacinia eget, tincidunt eget, tempus vel, pede.', 'Apt 901', 'Crimson', 1, 9);
insert into zona_verde_entity (id, nombre, descripcion, ubicacion, preferencias, calificacion, vecindario_id) values (9, 'Neill Fulloway', 'Praesent id massa id nisl venenatis lacinia. Aenean sit amet justo. Morbi ut odio.', 'Suite 82', 'Mauv', 2, 19);
insert into zona_verde_entity (id, nombre, descripcion, ubicacion, preferencias, calificacion, vecindario_id) values (10, 'Sutton McIlheran', 'Suspendisse potenti. In eleifend quam a odio. In hac habitasse platea dictumst.', 'Room 486', 'Red', 1, 11);
insert into zona_verde_entity (id, nombre, descripcion, ubicacion, preferencias, calificacion, vecindario_id) values (11, 'Glynis Dullard', 'Curabitur at ipsum ac tellus semper interdum. Mauris ullamcorper purus sit amet nulla. Quisque arcu libero, rutrum ac, lobortis vel, dapibus at, diam.', '6th Floor', 'Red', 5, 11);
insert into zona_verde_entity (id, nombre, descripcion, ubicacion, preferencias, calificacion, vecindario_id) values (12, 'Forrest Grange', 'Maecenas leo odio, condimentum id, luctus nec, molestie sed, justo. Pellentesque viverra pede ac diam. Cras pellentesque volutpat dui.', 'Suite 51', 'Goldenrod', 3, 9);
insert into zona_verde_entity (id, nombre, descripcion, ubicacion, preferencias, calificacion, vecindario_id) values (13, 'Donia Willeman', 'Integer ac leo. Pellentesque ultrices mattis odio. Donec vitae nisi.', '12th Floor', 'Pink', 2, 4);
insert into zona_verde_entity (id, nombre, descripcion, ubicacion, preferencias, calificacion, vecindario_id) values (14, 'Meghann Hearmon', 'Fusce posuere felis sed lacus. Morbi sem mauris, laoreet ut, rhoncus aliquet, pulvinar sed, nisl. Nunc rhoncus dui vel sem.', 'Room 1854', 'Orange', 4, 5);
insert into zona_verde_entity (id, nombre, descripcion, ubicacion, preferencias, calificacion, vecindario_id) values (15, 'Ivett Novis', 'In hac habitasse platea dictumst. Etiam faucibus cursus urna. Ut tellus.', 'Apt 1044', 'Goldenrod', 3, 3);
insert into zona_verde_entity (id, nombre, descripcion, ubicacion, preferencias, calificacion, vecindario_id) values (16, 'Kayle Hotton', 'In hac habitasse platea dictumst. Etiam faucibus cursus urna. Ut tellus.', 'Apt 883', 'Mauv', 4, 18);
insert into zona_verde_entity (id, nombre, descripcion, ubicacion, preferencias, calificacion, vecindario_id) values (17, 'Roda Wreak', 'Aenean lectus. Pellentesque eget nunc. Donec quis orci eget orci vehicula condimentum.', 'Suite 77', 'Violet', 2, 12);
insert into zona_verde_entity (id, nombre, descripcion, ubicacion, preferencias, calificacion, vecindario_id) values (18, 'Paolo Hardaway', 'In hac habitasse platea dictumst. Morbi vestibulum, velit id pretium iaculis, diam erat fermentum justo, nec condimentum neque sapien placerat ante. Nulla justo.', 'Room 1060', 'Red', 1, 3);
insert into zona_verde_entity (id, nombre, descripcion, ubicacion, preferencias, calificacion, vecindario_id) values (19, 'Dimitri Millican', 'Donec diam neque, vestibulum eget, vulputate ut, ultrices vel, augue. Vestibulum ante ipsum primis in faucibus orci luctus et ultrices posuere cubilia Curae; Donec pharetra, magna vestibulum aliquet ultrices, erat tortor sollicitudin mi, sit amet lobortis sapien sapien non mi. Integer ac neque.', 'Room 1129', 'Blue', 2, 9);
insert into zona_verde_entity (id, nombre, descripcion, ubicacion, preferencias, calificacion, vecindario_id) values (20, 'Fanni Snyder', 'Nam ultrices, libero non mattis pulvinar, nulla pede ullamcorper augue, a suscipit nulla elit ac nulla. Sed vel enim sit amet nunc viverra dapibus. Nulla suscipit ligula in lacus.', 'PO Box 34064', 'Purple', 2, 13);
insert into zona_verde_entity (id, nombre, descripcion, ubicacion, preferencias, calificacion, vecindario_id) values (21, 'Shoshana Oxterby', 'Lorem ipsum dolor sit amet, consectetuer adipiscing elit. Proin risus. Praesent lectus.', '6th Floor', 'Orange', 4, 10);
insert into zona_verde_entity (id, nombre, descripcion, ubicacion, preferencias, calificacion, vecindario_id) values (22, 'Merola Walbrook', 'Lorem ipsum dolor sit amet, consectetuer adipiscing elit. Proin risus. Praesent lectus.', 'Suite 26', 'Green', 3, 5);
insert into zona_verde_entity (id, nombre, descripcion, ubicacion, preferencias, calificacion, vecindario_id) values (23, 'Jonah Clayton', 'Cras mi pede, malesuada in, imperdiet et, commodo vulputate, justo. In blandit ultrices enim. Lorem ipsum dolor sit amet, consectetuer adipiscing elit.', 'Room 488', 'Indigo', 4, 12);
insert into zona_verde_entity (id, nombre, descripcion, ubicacion, preferencias, calificacion, vecindario_id) values (24, 'Myron Paal', 'Duis consequat dui nec nisi volutpat eleifend. Donec ut dolor. Morbi vel lectus in quam fringilla rhoncus.', 'Room 1147', 'Green', 1, 5);
insert into zona_verde_entity (id, nombre, descripcion, ubicacion, preferencias, calificacion, vecindario_id) values (25, 'Urbano Kill', 'Integer ac leo. Pellentesque ultrices mattis odio. Donec vitae nisi.', '12th Floor', 'Puce', 5, 14);
insert into zona_verde_entity (id, nombre, descripcion, ubicacion, preferencias, calificacion, vecindario_id) values (26, 'Julienne McFall', 'In hac habitasse platea dictumst. Morbi vestibulum, velit id pretium iaculis, diam erat fermentum justo, nec condimentum neque sapien placerat ante. Nulla justo.', 'PO Box 47044', 'Purple', 3, 14);
insert into zona_verde_entity (id, nombre, descripcion, ubicacion, preferencias, calificacion, vecindario_id) values (27, 'Siobhan Slowan', 'Nullam porttitor lacus at turpis. Donec posuere metus vitae ipsum. Aliquam non mauris.', 'Suite 88', 'Maroon', 4, 2);
insert into zona_verde_entity (id, nombre, descripcion, ubicacion, preferencias, calificacion, vecindario_id) values (28, 'Bowie Jelks', 'Duis bibendum, felis sed interdum venenatis, turpis enim blandit mi, in porttitor pede justo eu massa. Donec dapibus. Duis at velit eu est congue elementum.', '5th Floor', 'Aquamarine', 5, 6);
insert into zona_verde_entity (id, nombre, descripcion, ubicacion, preferencias, calificacion, vecindario_id) values (29, 'Skylar Cragoe', 'Nullam porttitor lacus at turpis. Donec posuere metus vitae ipsum. Aliquam non mauris.', 'PO Box 19893', 'Goldenrod', 3, 13);
insert into zona_verde_entity (id, nombre, descripcion, ubicacion, preferencias, calificacion, vecindario_id) values (30, 'Sim Levermore', 'Morbi non lectus. Aliquam sit amet diam in magna bibendum imperdiet. Nullam orci pede, venenatis non, sodales sed, tincidunt eu, felis.', '13th Floor', 'Crimson', 4, 20);
insert into zona_verde_entity (id, nombre, descripcion, ubicacion, preferencias, calificacion, vecindario_id) values (31, 'Dela Scheffel', 'In quis justo. Maecenas rhoncus aliquam lacus. Morbi quis tortor id nulla ultrices aliquet.', 'Suite 23', 'Turquoise', 5, 18);
insert into zona_verde_entity (id, nombre, descripcion, ubicacion, preferencias, calificacion, vecindario_id) values (32, 'Bevin Levane', 'Proin interdum mauris non ligula pellentesque ultrices. Phasellus id sapien in sapien iaculis congue. Vivamus metus arcu, adipiscing molestie, hendrerit at, vulputate vitae, nisl.', 'PO Box 17842', 'Puce', 4, 5);
insert into zona_verde_entity (id, nombre, descripcion, ubicacion, preferencias, calificacion, vecindario_id) values (33, 'Emily Stuehmeyer', 'Suspendisse potenti. In eleifend quam a odio. In hac habitasse platea dictumst.', 'Suite 72', 'Yellow', 3, 3);
insert into zona_verde_entity (id, nombre, descripcion, ubicacion, preferencias, calificacion, vecindario_id) values (34, 'Jeanie Trussell', 'Vestibulum ac est lacinia nisi venenatis tristique. Fusce congue, diam id ornare imperdiet, sapien urna pretium nisl, ut volutpat sapien arcu sed augue. Aliquam erat volutpat.', 'Room 1203', 'Crimson', 3, 9);
insert into zona_verde_entity (id, nombre, descripcion, ubicacion, preferencias, calificacion, vecindario_id) values (35, 'Ilsa Gavozzi', 'Nullam porttitor lacus at turpis. Donec posuere metus vitae ipsum. Aliquam non mauris.', 'Apt 161', 'Maroon', 4, 4);
insert into zona_verde_entity (id, nombre, descripcion, ubicacion, preferencias, calificacion, vecindario_id) values (36, 'Tommie Speedin', 'Vestibulum ac est lacinia nisi venenatis tristique. Fusce congue, diam id ornare imperdiet, sapien urna pretium nisl, ut volutpat sapien arcu sed augue. Aliquam erat volutpat.', 'Suite 99', 'Yellow', 3, 16);
insert into zona_verde_entity (id, nombre, descripcion, ubicacion, preferencias, calificacion, vecindario_id) values (37, 'Franklin Traylen', 'Duis bibendum. Morbi non quam nec dui luctus rutrum. Nulla tellus.', '1st Floor', 'Puce', 1, 9);
insert into zona_verde_entity (id, nombre, descripcion, ubicacion, preferencias, calificacion, vecindario_id) values (38, 'Hubie Bartram', 'Donec diam neque, vestibulum eget, vulputate ut, ultrices vel, augue. Vestibulum ante ipsum primis in faucibus orci luctus et ultrices posuere cubilia Curae; Donec pharetra, magna vestibulum aliquet ultrices, erat tortor sollicitudin mi, sit amet lobortis sapien sapien non mi. Integer ac neque.', '18th Floor', 'Green', 3, 8);
insert into zona_verde_entity (id, nombre, descripcion, ubicacion, preferencias, calificacion, vecindario_id) values (39, 'Sher Fuidge', 'Mauris enim leo, rhoncus sed, vestibulum sit amet, cursus id, turpis. Integer aliquet, massa id lobortis convallis, tortor risus dapibus augue, vel accumsan tellus nisi eu orci. Mauris lacinia sapien quis libero.', '15th Floor', 'Yellow', 5, 8);
insert into zona_verde_entity (id, nombre, descripcion, ubicacion, preferencias, calificacion, vecindario_id) values (40, 'Mart Whetnell', 'Aenean lectus. Pellentesque eget nunc. Donec quis orci eget orci vehicula condimentum.', 'Apt 939', 'Yellow', 2, 14);
insert into zona_verde_entity (id, nombre, descripcion, ubicacion, preferencias, calificacion, vecindario_id) values (41, 'Bernita Dymidowicz', 'Vestibulum ac est lacinia nisi venenatis tristique. Fusce congue, diam id ornare imperdiet, sapien urna pretium nisl, ut volutpat sapien arcu sed augue. Aliquam erat volutpat.', 'PO Box 317', 'Mauv', 4, 18);
insert into zona_verde_entity (id, nombre, descripcion, ubicacion, preferencias, calificacion, vecindario_id) values (42, 'Cassey Bisco', 'Maecenas tristique, est et tempus semper, est quam pharetra magna, ac consequat metus sapien ut nunc. Vestibulum ante ipsum primis in faucibus orci luctus et ultrices posuere cubilia Curae; Mauris viverra diam vitae quam. Suspendisse potenti.', 'PO Box 45019', 'Indigo', 4, 5);
insert into zona_verde_entity (id, nombre, descripcion, ubicacion, preferencias, calificacion, vecindario_id) values (43, 'Jaymie Reary', 'Nullam porttitor lacus at turpis. Donec posuere metus vitae ipsum. Aliquam non mauris.', 'Room 166', 'Purple', 1, 3);
insert into zona_verde_entity (id, nombre, descripcion, ubicacion, preferencias, calificacion, vecindario_id) values (44, 'Koressa MacCarrick', 'Suspendisse potenti. In eleifend quam a odio. In hac habitasse platea dictumst.', 'PO Box 66051', 'Indigo', 2, 6);
insert into zona_verde_entity (id, nombre, descripcion, ubicacion, preferencias, calificacion, vecindario_id) values (45, 'Byron Dufaire', 'Duis bibendum. Morbi non quam nec dui luctus rutrum. Nulla tellus.', '14th Floor', 'Purple', 4, 14);
insert into zona_verde_entity (id, nombre, descripcion, ubicacion, preferencias, calificacion, vecindario_id) values (46, 'Nolly Bofield', 'Cras mi pede, malesuada in, imperdiet et, commodo vulputate, justo. In blandit ultrices enim. Lorem ipsum dolor sit amet, consectetuer adipiscing elit.', '7th Floor', 'Pink', 5, 19);
insert into zona_verde_entity (id, nombre, descripcion, ubicacion, preferencias, calificacion, vecindario_id) values (47, 'Malynda Fawloe', 'Integer ac leo. Pellentesque ultrices mattis odio. Donec vitae nisi.', 'PO Box 12644', 'Indigo', 2, 8);
insert into zona_verde_entity (id, nombre, descripcion, ubicacion, preferencias, calificacion, vecindario_id) values (48, 'Jeana Croutear', 'In hac habitasse platea dictumst. Etiam faucibus cursus urna. Ut tellus.', 'Suite 18', 'Orange', 3, 16);
insert into zona_verde_entity (id, nombre, descripcion, ubicacion, preferencias, calificacion, vecindario_id) values (49, 'Constantine Fishbourn', 'Morbi porttitor lorem id ligula. Suspendisse ornare consequat lectus. In est risus, auctor sed, tristique in, tempus sit amet, sem.', 'Suite 67', 'Aquamarine', 3, 5);
insert into zona_verde_entity (id, nombre, descripcion, ubicacion, preferencias, calificacion, vecindario_id) values (50, 'Bondy Seckom', 'Maecenas tristique, est et tempus semper, est quam pharetra magna, ac consequat metus sapien ut nunc. Vestibulum ante ipsum primis in faucibus orci luctus et ultrices posuere cubilia Curae; Mauris viverra diam vitae quam. Suspendisse potenti.', 'Apt 1849', 'Fuscia', 2, 7);
--POSTS
insert into publicacion_entity (id, contenido, fecha, foto, video, likes, compartidos, vecino_id) values (1, 'hierarchy', '2023-08-24', 'http://dummyimage.com/203x100.png/5fa2dd/ffffff', 'https://', 107301, 113508, 18);
insert into publicacion_entity (id, contenido, fecha, foto, video, likes, compartidos, vecino_id) values (2, 'Reactive', '2023-08-05', 'http://dummyimage.com/103x100.png/cc0000/ffffff', 'https://', 110928, 27813, 22);
insert into publicacion_entity (id, contenido, fecha, foto, video, likes, compartidos, vecino_id) values (3, 'capability', '2023-02-21', 'http://dummyimage.com/196x100.png/cc0000/ffffff', 'https://', 7145, 101588, 46);
insert into publicacion_entity (id, contenido, fecha, foto, video, likes, compartidos, vecino_id) values (4, 'demand-driven', '2023-03-22', 'http://dummyimage.com/126x100.png/5fa2dd/ffffff', 'http://', 15631, 95768, 25);
insert into publicacion_entity (id, contenido, fecha, foto, video, likes, compartidos, vecino_id) values (5, 'methodology', '2022-11-18', 'http://dummyimage.com/153x100.png/dddddd/000000', 'http://', 69405, 118610, 31);
insert into publicacion_entity (id, contenido, fecha, foto, video, likes, compartidos, vecino_id) values (6, 'stable', '2023-09-30', 'http://dummyimage.com/144x100.png/ff4444/ffffff', 'https://', 143719, 136497, 3);
insert into publicacion_entity (id, contenido, fecha, foto, video, likes, compartidos, vecino_id) values (7, 'full-range', '2023-01-25', 'http://dummyimage.com/217x100.png/5fa2dd/ffffff', 'http://', 40821, 87936, 7);
insert into publicacion_entity (id, contenido, fecha, foto, video, likes, compartidos, vecino_id) values (8, 'Integrated', '2023-04-17', 'http://dummyimage.com/238x100.png/cc0000/ffffff', 'http://', 71021, 18442, 15);
insert into publicacion_entity (id, contenido, fecha, foto, video, likes, compartidos, vecino_id) values (9, 'optimal', '2023-09-28', 'http://dummyimage.com/234x100.png/dddddd/000000', 'http://', 78917, 53035, 43);
insert into publicacion_entity (id, contenido, fecha, foto, video, likes, compartidos, vecino_id) values (10, 'Expanded', '2023-03-18', 'http://dummyimage.com/114x100.png/ff4444/ffffff', 'https://', 112729, 137993, 28);
insert into publicacion_entity (id, contenido, fecha, foto, video, likes, compartidos, vecino_id) values (11, 'capability', '2023-10-12', 'http://dummyimage.com/105x100.png/cc0000/ffffff', 'https://', 197179, 65973, 21);
insert into publicacion_entity (id, contenido, fecha, foto, video, likes, compartidos, vecino_id) values (12, 'uniform', '2023-10-31', 'http://dummyimage.com/159x100.png/dddddd/000000', 'http://', 182120, 112454, 24);
insert into publicacion_entity (id, contenido, fecha, foto, video, likes, compartidos, vecino_id) values (13, 'incremental', '2023-11-11', 'http://dummyimage.com/231x100.png/5fa2dd/ffffff', 'http://', 69268, 82900, 35);
insert into publicacion_entity (id, contenido, fecha, foto, video, likes, compartidos, vecino_id) values (14, 'instruction set', '2023-03-08', 'http://dummyimage.com/228x100.png/cc0000/ffffff', 'http://', 155873, 50529, 7);
insert into publicacion_entity (id, contenido, fecha, foto, video, likes, compartidos, vecino_id) values (15, 'adapter', '2023-08-29', 'http://dummyimage.com/119x100.png/ff4444/ffffff', 'http://', 176199, 87727, 48);
insert into publicacion_entity (id, contenido, fecha, foto, video, likes, compartidos, vecino_id) values (16, 'Open-architected', '2023-09-27', 'http://dummyimage.com/209x100.png/cc0000/ffffff', 'http://', 180720, 22639, 25);
insert into publicacion_entity (id, contenido, fecha, foto, video, likes, compartidos, vecino_id) values (17, 'analyzer', '2023-02-13', 'http://dummyimage.com/150x100.png/ff4444/ffffff', 'http://', 25645, 113642, 21);
insert into publicacion_entity (id, contenido, fecha, foto, video, likes, compartidos, vecino_id) values (18, 'User-friendly', '2023-02-04', 'http://dummyimage.com/133x100.png/dddddd/000000', 'https://', 187552, 40444, 37);
insert into publicacion_entity (id, contenido, fecha, foto, video, likes, compartidos, vecino_id) values (19, 'Configurable', '2023-06-23', 'http://dummyimage.com/223x100.png/cc0000/ffffff', 'http://', 165326, 113893, 40);
insert into publicacion_entity (id, contenido, fecha, foto, video, likes, compartidos, vecino_id) values (20, 'Streamlined', '2023-07-10', 'http://dummyimage.com/195x100.png/dddddd/000000', 'http://', 146484, 126177, 5);
insert into publicacion_entity (id, contenido, fecha, foto, video, likes, compartidos, vecino_id) values (21, 'heuristic', '2023-06-02', 'http://dummyimage.com/184x100.png/dddddd/000000', 'http://', 126136, 60004, 31);
insert into publicacion_entity (id, contenido, fecha, foto, video, likes, compartidos, vecino_id) values (22, 'zero tolerance', '2023-03-16', 'http://dummyimage.com/156x100.png/5fa2dd/ffffff', 'https://', 142149, 34085, 16);
insert into publicacion_entity (id, contenido, fecha, foto, video, likes, compartidos, vecino_id) values (23, 'coherent', '2023-05-18', 'http://dummyimage.com/199x100.png/cc0000/ffffff', 'http://', 24822, 9305, 4);
insert into publicacion_entity (id, contenido, fecha, foto, video, likes, compartidos, vecino_id) values (24, 'matrix', '2023-08-24', 'http://dummyimage.com/242x100.png/cc0000/ffffff', 'http://', 114587, 105410, 25);
insert into publicacion_entity (id, contenido, fecha, foto, video, likes, compartidos, vecino_id) values (25, 'software', '2023-08-17', 'http://dummyimage.com/100x100.png/cc0000/ffffff', 'https://', 119206, 60678, 43);
insert into publicacion_entity (id, contenido, fecha, foto, video, likes, compartidos, vecino_id) values (26, 'matrix', '2023-06-14', 'http://dummyimage.com/155x100.png/ff4444/ffffff', 'http://', 25481, 137664, 11);
insert into publicacion_entity (id, contenido, fecha, foto, video, likes, compartidos, vecino_id) values (27, 'array', '2023-04-19', 'http://dummyimage.com/130x100.png/dddddd/000000', 'http://', 78544, 90953, 29);
insert into publicacion_entity (id, contenido, fecha, foto, video, likes, compartidos, vecino_id) values (28, 'scalable', '2023-01-26', 'http://dummyimage.com/121x100.png/dddddd/000000', 'https://', 68650, 107961, 46);
insert into publicacion_entity (id, contenido, fecha, foto, video, likes, compartidos, vecino_id) values (29, 'workforce', '2023-05-25', 'http://dummyimage.com/132x100.png/ff4444/ffffff', 'http://', 136279, 23725, 3);
insert into publicacion_entity (id, contenido, fecha, foto, video, likes, compartidos, vecino_id) values (30, 'Intuitive', '2023-04-13', 'http://dummyimage.com/104x100.png/ff4444/ffffff', 'https://', 159647, 55426, 36);
insert into publicacion_entity (id, contenido, fecha, foto, video, likes, compartidos, vecino_id) values (31, 'Optimized', '2022-11-19', 'http://dummyimage.com/217x100.png/ff4444/ffffff', 'http://', 130090, 97618, 9);
insert into publicacion_entity (id, contenido, fecha, foto, video, likes, compartidos, vecino_id) values (32, 'Polarised', '2023-10-16', 'http://dummyimage.com/126x100.png/5fa2dd/ffffff', 'https://', 13003, 115652, 29);
insert into publicacion_entity (id, contenido, fecha, foto, video, likes, compartidos, vecino_id) values (33, 'incremental', '2022-11-23', 'http://dummyimage.com/166x100.png/dddddd/000000', 'http://', 51973, 34251, 50);
insert into publicacion_entity (id, contenido, fecha, foto, video, likes, compartidos, vecino_id) values (34, 'customer loyalty', '2022-12-03', 'http://dummyimage.com/110x100.png/cc0000/ffffff', 'https://', 174733, 15167, 10);
insert into publicacion_entity (id, contenido, fecha, foto, video, likes, compartidos, vecino_id) values (35, 'User-friendly', '2023-05-04', 'http://dummyimage.com/217x100.png/cc0000/ffffff', 'http://', 126442, 65188, 34);
insert into publicacion_entity (id, contenido, fecha, foto, video, likes, compartidos, vecino_id) values (36, 'fault-tolerant', '2023-10-21', 'http://dummyimage.com/101x100.png/dddddd/000000', 'https://', 114402, 85037, 28);
insert into publicacion_entity (id, contenido, fecha, foto, video, likes, compartidos, vecino_id) values (37, 'bottom-line', '2023-03-29', 'http://dummyimage.com/143x100.png/cc0000/ffffff', 'https://', 137709, 17015, 23);
insert into publicacion_entity (id, contenido, fecha, foto, video, likes, compartidos, vecino_id) values (38, 'concept', '2023-02-16', 'http://dummyimage.com/225x100.png/cc0000/ffffff', 'http://', 144358, 1075, 33);
insert into publicacion_entity (id, contenido, fecha, foto, video, likes, compartidos, vecino_id) values (39, '6th generation', '2023-09-16', 'http://dummyimage.com/177x100.png/5fa2dd/ffffff', 'https://', 136267, 24749, 7);
insert into publicacion_entity (id, contenido, fecha, foto, video, likes, compartidos, vecino_id) values (40, 'Team-oriented', '2023-07-12', 'http://dummyimage.com/100x100.png/5fa2dd/ffffff', 'http://', 73603, 13494, 7);
insert into publicacion_entity (id, contenido, fecha, foto, video, likes, compartidos, vecino_id) values (41, 'Horizontal', '2023-07-26', 'http://dummyimage.com/186x100.png/dddddd/000000', 'http://', 176744, 103157, 13);
insert into publicacion_entity (id, contenido, fecha, foto, video, likes, compartidos, vecino_id) values (42, 'parallelism', '2023-06-10', 'http://dummyimage.com/102x100.png/5fa2dd/ffffff', 'http://', 125142, 98219, 17);
insert into publicacion_entity (id, contenido, fecha, foto, video, likes, compartidos, vecino_id) values (43, 'architecture', '2023-02-17', 'http://dummyimage.com/180x100.png/cc0000/ffffff', 'http://', 163935, 23293, 26);
insert into publicacion_entity (id, contenido, fecha, foto, video, likes, compartidos, vecino_id) values (44, 'intermediate', '2023-08-11', 'http://dummyimage.com/217x100.png/dddddd/000000', 'https://', 145064, 33627, 11);
insert into publicacion_entity (id, contenido, fecha, foto, video, likes, compartidos, vecino_id) values (45, 'reciprocal', '2023-06-15', 'http://dummyimage.com/195x100.png/dddddd/000000', 'http://', 67420, 12135, 33);
insert into publicacion_entity (id, contenido, fecha, foto, video, likes, compartidos, vecino_id) values (46, 'Cloned', '2023-09-09', 'http://dummyimage.com/173x100.png/ff4444/ffffff', 'https://', 52364, 132885, 50);
insert into publicacion_entity (id, contenido, fecha, foto, video, likes, compartidos, vecino_id) values (47, 'knowledge user', '2023-10-24', 'http://dummyimage.com/169x100.png/cc0000/ffffff', 'https://', 185078, 65459, 36);
insert into publicacion_entity (id, contenido, fecha, foto, video, likes, compartidos, vecino_id) values (48, 'upward-trending', '2023-05-18', 'http://dummyimage.com/173x100.png/5fa2dd/ffffff', 'http://', 150764, 53436, 35);
insert into publicacion_entity (id, contenido, fecha, foto, video, likes, compartidos, vecino_id) values (49, 'encoding', '2023-06-05', 'http://dummyimage.com/144x100.png/ff4444/ffffff', 'https://', 126958, 79540, 50);
insert into publicacion_entity (id, contenido, fecha, foto, video, likes, compartidos, vecino_id) values (50, 'Persevering', '2023-01-20', 'http://dummyimage.com/108x100.png/ff4444/ffffff', 'https://', 25990, 21091, 11);
insert into publicacion_entity (id, contenido, fecha, foto, video, likes, compartidos, vecino_id) values (51, 'bottom-line', '2023-03-17', 'http://dummyimage.com/198x100.png/5fa2dd/ffffff', 'http://', 2689, 86843, 16);
insert into publicacion_entity (id, contenido, fecha, foto, video, likes, compartidos, vecino_id) values (52, 'didactic', '2023-02-23', 'http://dummyimage.com/120x100.png/cc0000/ffffff', 'http://', 60797, 7541, 29);
insert into publicacion_entity (id, contenido, fecha, foto, video, likes, compartidos, vecino_id) values (53, '24/7', '2023-05-11', 'http://dummyimage.com/137x100.png/ff4444/ffffff', 'https://', 128895, 138471, 23);
insert into publicacion_entity (id, contenido, fecha, foto, video, likes, compartidos, vecino_id) values (54, 'Focused', '2023-09-09', 'http://dummyimage.com/215x100.png/cc0000/ffffff', 'https://', 40393, 113912, 2);
insert into publicacion_entity (id, contenido, fecha, foto, video, likes, compartidos, vecino_id) values (55, 'cohesive', '2023-02-22', 'http://dummyimage.com/128x100.png/cc0000/ffffff', 'http://', 194964, 84355, 13);
insert into publicacion_entity (id, contenido, fecha, foto, video, likes, compartidos, vecino_id) values (56, 'infrastructure', '2023-02-07', 'http://dummyimage.com/135x100.png/cc0000/ffffff', 'https://', 174524, 105032, 23);
insert into publicacion_entity (id, contenido, fecha, foto, video, likes, compartidos, vecino_id) values (57, 'extranet', '2022-12-18', 'http://dummyimage.com/192x100.png/cc0000/ffffff', 'https://', 56310, 97650, 27);
insert into publicacion_entity (id, contenido, fecha, foto, video, likes, compartidos, vecino_id) values (58, 'encompassing', '2023-03-24', 'http://dummyimage.com/208x100.png/dddddd/000000', 'https://', 2541, 46385, 24);
insert into publicacion_entity (id, contenido, fecha, foto, video, likes, compartidos, vecino_id) values (59, 'systemic', '2022-11-28', 'http://dummyimage.com/171x100.png/ff4444/ffffff', 'http://', 198474, 1769, 27);
insert into publicacion_entity (id, contenido, fecha, foto, video, likes, compartidos, vecino_id) values (60, 'Vision-oriented', '2023-08-15', 'http://dummyimage.com/146x100.png/5fa2dd/ffffff', 'https://', 165722, 16012, 46);
insert into publicacion_entity (id, contenido, fecha, foto, video, likes, compartidos, vecino_id) values (61, 'asymmetric', '2022-12-21', 'http://dummyimage.com/178x100.png/ff4444/ffffff', 'https://', 104320, 59614, 49);
insert into publicacion_entity (id, contenido, fecha, foto, video, likes, compartidos, vecino_id) values (62, 'Organic', '2023-02-03', 'http://dummyimage.com/183x100.png/5fa2dd/ffffff', 'https://', 166633, 117244, 30);
insert into publicacion_entity (id, contenido, fecha, foto, video, likes, compartidos, vecino_id) values (63, 'tertiary', '2023-11-01', 'http://dummyimage.com/236x100.png/ff4444/ffffff', 'http://', 8572, 23977, 49);
insert into publicacion_entity (id, contenido, fecha, foto, video, likes, compartidos, vecino_id) values (64, 'context-sensitive', '2023-09-08', 'http://dummyimage.com/129x100.png/dddddd/000000', 'http://', 58989, 13438, 41);
insert into publicacion_entity (id, contenido, fecha, foto, video, likes, compartidos, vecino_id) values (65, 'paradigm', '2023-01-07', 'http://dummyimage.com/222x100.png/ff4444/ffffff', 'http://', 68961, 5076, 24);
insert into publicacion_entity (id, contenido, fecha, foto, video, likes, compartidos, vecino_id) values (66, 'Profit-focused', '2023-07-14', 'http://dummyimage.com/161x100.png/dddddd/000000', 'https://', 35427, 124940, 5);
insert into publicacion_entity (id, contenido, fecha, foto, video, likes, compartidos, vecino_id) values (67, 'object-oriented', '2023-02-03', 'http://dummyimage.com/217x100.png/dddddd/000000', 'https://', 81948, 2703, 14);
insert into publicacion_entity (id, contenido, fecha, foto, video, likes, compartidos, vecino_id) values (68, 'open architecture', '2023-11-10', 'http://dummyimage.com/101x100.png/5fa2dd/ffffff', 'http://', 119137, 69453, 42);
insert into publicacion_entity (id, contenido, fecha, foto, video, likes, compartidos, vecino_id) values (69, 'user-facing', '2023-03-17', 'http://dummyimage.com/118x100.png/cc0000/ffffff', 'http://', 56421, 101274, 17);
insert into publicacion_entity (id, contenido, fecha, foto, video, likes, compartidos, vecino_id) values (70, 'value-added', '2023-05-02', 'http://dummyimage.com/141x100.png/cc0000/ffffff', 'https://', 116017, 42699, 33);
insert into publicacion_entity (id, contenido, fecha, foto, video, likes, compartidos, vecino_id) values (71, 'function', '2023-03-11', 'http://dummyimage.com/180x100.png/cc0000/ffffff', 'https://', 18578, 126897, 2);
insert into publicacion_entity (id, contenido, fecha, foto, video, likes, compartidos, vecino_id) values (72, 'optimizing', '2023-04-08', 'http://dummyimage.com/148x100.png/ff4444/ffffff', 'http://', 69758, 90216, 8);
insert into publicacion_entity (id, contenido, fecha, foto, video, likes, compartidos, vecino_id) values (73, 'Realigned', '2023-01-26', 'http://dummyimage.com/129x100.png/5fa2dd/ffffff', 'http://', 118486, 62097, 17);
insert into publicacion_entity (id, contenido, fecha, foto, video, likes, compartidos, vecino_id) values (74, 'benchmark', '2022-11-14', 'http://dummyimage.com/219x100.png/5fa2dd/ffffff', 'https://', 7445, 68588, 20);
insert into publicacion_entity (id, contenido, fecha, foto, video, likes, compartidos, vecino_id) values (75, 'application', '2023-06-13', 'http://dummyimage.com/169x100.png/5fa2dd/ffffff', 'http://', 14603, 94488, 50);
insert into publicacion_entity (id, contenido, fecha, foto, video, likes, compartidos, vecino_id) values (76, 'Visionary', '2022-12-30', 'http://dummyimage.com/177x100.png/ff4444/ffffff', 'http://', 32571, 14222, 13);
insert into publicacion_entity (id, contenido, fecha, foto, video, likes, compartidos, vecino_id) values (77, 'Visionary', '2023-02-23', 'http://dummyimage.com/173x100.png/ff4444/ffffff', 'https://', 8798, 72226, 38);
insert into publicacion_entity (id, contenido, fecha, foto, video, likes, compartidos, vecino_id) values (78, 'Profound', '2023-04-29', 'http://dummyimage.com/250x100.png/5fa2dd/ffffff', 'http://', 18893, 114671, 30);
insert into publicacion_entity (id, contenido, fecha, foto, video, likes, compartidos, vecino_id) values (79, 'content-based', '2023-05-10', 'http://dummyimage.com/155x100.png/dddddd/000000', 'https://', 201103, 53580, 28);
insert into publicacion_entity (id, contenido, fecha, foto, video, likes, compartidos, vecino_id) values (80, 'grid-enabled', '2023-01-15', 'http://dummyimage.com/190x100.png/ff4444/ffffff', 'https://', 81096, 128915, 6);
insert into publicacion_entity (id, contenido, fecha, foto, video, likes, compartidos, vecino_id) values (81, 'tangible', '2023-04-15', 'http://dummyimage.com/141x100.png/dddddd/000000', 'https://', 100915, 25134, 38);
insert into publicacion_entity (id, contenido, fecha, foto, video, likes, compartidos, vecino_id) values (82, 'policy', '2023-03-07', 'http://dummyimage.com/188x100.png/dddddd/000000', 'http://', 62748, 47011, 8);
insert into publicacion_entity (id, contenido, fecha, foto, video, likes, compartidos, vecino_id) values (83, 'User-centric', '2023-08-01', 'http://dummyimage.com/104x100.png/5fa2dd/ffffff', 'https://', 16464, 29032, 1);
insert into publicacion_entity (id, contenido, fecha, foto, video, likes, compartidos, vecino_id) values (84, 'intermediate', '2023-05-31', 'http://dummyimage.com/147x100.png/cc0000/ffffff', 'https://', 136367, 34900, 3);
insert into publicacion_entity (id, contenido, fecha, foto, video, likes, compartidos, vecino_id) values (85, 'empowering', '2023-06-10', 'http://dummyimage.com/180x100.png/ff4444/ffffff', 'https://', 102049, 53688, 17);
insert into publicacion_entity (id, contenido, fecha, foto, video, likes, compartidos, vecino_id) values (86, 'initiative', '2023-09-28', 'http://dummyimage.com/170x100.png/dddddd/000000', 'https://', 92207, 12983, 2);
insert into publicacion_entity (id, contenido, fecha, foto, video, likes, compartidos, vecino_id) values (87, 'system-worthy', '2023-01-27', 'http://dummyimage.com/206x100.png/dddddd/000000', 'http://', 7035, 6394, 46);
insert into publicacion_entity (id, contenido, fecha, foto, video, likes, compartidos, vecino_id) values (88, 'Progressive', '2023-10-03', 'http://dummyimage.com/138x100.png/cc0000/ffffff', 'https://', 176537, 68730, 28);
insert into publicacion_entity (id, contenido, fecha, foto, video, likes, compartidos, vecino_id) values (89, 'Synergistic', '2023-06-06', 'http://dummyimage.com/101x100.png/dddddd/000000', 'https://', 155232, 24172, 23);
insert into publicacion_entity (id, contenido, fecha, foto, video, likes, compartidos, vecino_id) values (90, 'Open-architected', '2023-04-14', 'http://dummyimage.com/169x100.png/cc0000/ffffff', 'https://', 185429, 90288, 46);
insert into publicacion_entity (id, contenido, fecha, foto, video, likes, compartidos, vecino_id) values (91, 'Automated', '2023-07-24', 'http://dummyimage.com/113x100.png/dddddd/000000', 'https://', 138015, 94029, 28);
insert into publicacion_entity (id, contenido, fecha, foto, video, likes, compartidos, vecino_id) values (92, 'Business-focused', '2023-05-30', 'http://dummyimage.com/128x100.png/5fa2dd/ffffff', 'https://', 128858, 68403, 20);
insert into publicacion_entity (id, contenido, fecha, foto, video, likes, compartidos, vecino_id) values (93, 'Proactive', '2023-05-25', 'http://dummyimage.com/181x100.png/dddddd/000000', 'http://', 104775, 87520, 42);
insert into publicacion_entity (id, contenido, fecha, foto, video, likes, compartidos, vecino_id) values (94, 'next generation', '2023-04-27', 'http://dummyimage.com/196x100.png/ff4444/ffffff', 'https://', 167024, 115810, 41);
insert into publicacion_entity (id, contenido, fecha, foto, video, likes, compartidos, vecino_id) values (95, 'encompassing', '2023-08-08', 'http://dummyimage.com/107x100.png/5fa2dd/ffffff', 'https://', 23171, 12309, 42);
insert into publicacion_entity (id, contenido, fecha, foto, video, likes, compartidos, vecino_id) values (96, 'Cloned', '2023-06-14', 'http://dummyimage.com/197x100.png/cc0000/ffffff', 'http://', 143856, 116810, 29);
insert into publicacion_entity (id, contenido, fecha, foto, video, likes, compartidos, vecino_id) values (97, 'contextually-based', '2023-10-18', 'http://dummyimage.com/250x100.png/dddddd/000000', 'https://', 191944, 125886, 50);
insert into publicacion_entity (id, contenido, fecha, foto, video, likes, compartidos, vecino_id) values (98, 'throughput', '2023-10-12', 'http://dummyimage.com/223x100.png/ff4444/ffffff', 'https://', 196785, 122389, 22);
insert into publicacion_entity (id, contenido, fecha, foto, video, likes, compartidos, vecino_id) values (99, 'secondary', '2023-04-19', 'http://dummyimage.com/209x100.png/cc0000/ffffff', 'https://', 157731, 78466, 29);
insert into publicacion_entity (id, contenido, fecha, foto, video, likes, compartidos, vecino_id) values (100, 'Down-sized', '2023-08-05', 'http://dummyimage.com/187x100.png/dddddd/000000', 'http://', 192818, 109415, 45);
