--inicio de población vecino_entity
-- Barcelona
INSERT INTO vecindario_entity (nombre, ciudad, localidad) VALUES ('El Raval', 'Barcelona', 'Ciutat Vella');
INSERT INTO vecindario_entity (nombre, ciudad, localidad) VALUES ('Gothic Quarter', 'Barcelona', 'Ciutat Vella');
INSERT INTO vecindario_entity (nombre, ciudad, localidad) VALUES ('El Poblenou', 'Barcelona', 'Sant Martí');
INSERT INTO vecindario_entity (nombre, ciudad, localidad) VALUES ('Gracia', 'Barcelona', 'Gracia');
INSERT INTO vecindario_entity (nombre, ciudad, localidad) VALUES ('El Born', 'Barcelona', 'Ciutat Vella');
INSERT INTO vecindario_entity (nombre, ciudad, localidad) VALUES ('Sants', 'Barcelona', 'Sants-Montjuïc');
INSERT INTO vecindario_entity (nombre, ciudad, localidad) VALUES ('La Barceloneta', 'Barcelona', 'Ciutat Vella');
INSERT INTO vecindario_entity (nombre, ciudad, localidad) VALUES ('Sarrià', 'Barcelona', 'Sarrià-Sant Gervasi');
INSERT INTO vecindario_entity (nombre, ciudad, localidad) VALUES ('El Clot', 'Barcelona', 'Sant Martí');
INSERT INTO vecindario_entity (nombre, ciudad, localidad) VALUES ('Horta', 'Barcelona', 'Horta-Guinardó');

-- Valencia
INSERT INTO vecindario_entity (nombre, ciudad, localidad) VALUES ('Patraix', 'Valencia', 'Patraix');
INSERT INTO vecindario_entity (nombre, ciudad, localidad) VALUES ('La Saidia', 'Valencia', 'La Saidia');
INSERT INTO vecindario_entity (nombre, ciudad, localidad) VALUES ('El Botanic', 'Valencia', 'Extramurs');
INSERT INTO vecindario_entity (nombre, ciudad, localidad) VALUES ('Ciutat de les Arts i les Ciències', 'Valencia', 'Quatre Carreres');
INSERT INTO vecindario_entity (nombre, ciudad, localidad) VALUES ('El Saler', 'Valencia', 'Poblats del Sud');

-- Madrid
INSERT INTO vecindario_entity (nombre, ciudad, localidad) VALUES ('Salamanca', 'Madrid', 'Salamanca');
INSERT INTO vecindario_entity (nombre, ciudad, localidad) VALUES ('Retiro', 'Madrid', 'Retiro');
INSERT INTO vecindario_entity (nombre, ciudad, localidad) VALUES ('Moncloa', 'Madrid', 'Moncloa-Aravaca');
INSERT INTO vecindario_entity (nombre, ciudad, localidad) VALUES ('Tetuán', 'Madrid', 'Tetuán');
INSERT INTO vecindario_entity (nombre, ciudad, localidad) VALUES ('Vallecas', 'Madrid', 'Puente de Vallecas');

--inicio de crear vecino_entity
insert into vecino_entity (id, nombre, edad, profile_Pic, descripcion) values (1, 'Cassondra Havill', 29, 'https://robohash.org/aliasautfacere.png?size=50x50&set=set1', 'Morbi porttitor lorem id ligula. Suspendisse ornare consequat lectus. In est risus, auctor sed, tristique in, tempus sit amet, sem.');
insert into vecino_entity (id, nombre, edad, profile_Pic, descripcion) values (2, 'Taryn Gann', 35, 'https://robohash.org/animiiditaque.png?size=50x50&set=set1', 'Cras mi pede, malesuada in, imperdiet et, commodo vulputate, justo. In blandit ultrices enim. Lorem ipsum dolor sit amet, consectetuer adipiscing elit.');
insert into vecino_entity (id, nombre, edad, profile_Pic, descripcion) values (3, 'Randall Gobel', 29, 'https://robohash.org/maximeconsequaturfacere.png?size=50x50&set=set1', 'Quisque id justo sit amet sapien dignissim vestibulum. Vestibulum ante ipsum primis in faucibus orci luctus et ultrices posuere cubilia Curae; Nulla dapibus dolor vel est. Donec odio justo, sollicitudin ut, suscipit a, feugiat et, eros.');
insert into vecino_entity (id, nombre, edad, profile_Pic, descripcion) values (4, 'Dill Dilnot', 50, 'https://robohash.org/nequeconsecteturvoluptatem.png?size=50x50&set=set1', 'Duis aliquam convallis nunc. Proin at turpis a pede posuere nonummy. Integer non velit.');
insert into vecino_entity (id, nombre, edad, profile_Pic, descripcion) values (5, 'Taryn Pierson', 43, 'https://robohash.org/eaqueetlaudantium.png?size=50x50&set=set1', 'Quisque id justo sit amet sapien dignissim vestibulum. Vestibulum ante ipsum primis in faucibus orci luctus et ultrices posuere cubilia Curae; Nulla dapibus dolor vel est. Donec odio justo, sollicitudin ut, suscipit a, feugiat et, eros.');
insert into vecino_entity (id, nombre, edad, profile_Pic, descripcion) values (6, 'Brose de Marco', 24, 'https://robohash.org/quisvoluptatumnon.png?size=50x50&set=set1', 'Pellentesque at nulla. Suspendisse potenti. Cras in purus eu magna vulputate luctus.');
insert into vecino_entity (id, nombre, edad, profile_Pic, descripcion) values (7, 'Bailie Prandoni', 23, 'https://robohash.org/consecteturexercitationemvoluptas.png?size=50x50&set=set1', 'Curabitur gravida nisi at nibh. In hac habitasse platea dictumst. Aliquam augue quam, sollicitudin vitae, consectetuer eget, rutrum at, lorem.');
insert into vecino_entity (id, nombre, edad, profile_Pic, descripcion) values (8, 'Shanie Ivetts', 36, 'https://robohash.org/autmaioresenim.png?size=50x50&set=set1', 'Lorem ipsum dolor sit amet, consectetuer adipiscing elit. Proin risus. Praesent lectus.');
insert into vecino_entity (id, nombre, edad, profile_Pic, descripcion) values (9, 'Shawn Gecks', 26, 'https://robohash.org/natusdolorquos.png?size=50x50&set=set1', 'Curabitur gravida nisi at nibh. In hac habitasse platea dictumst. Aliquam augue quam, sollicitudin vitae, consectetuer eget, rutrum at, lorem.');
insert into vecino_entity (id, nombre, edad, profile_Pic, descripcion) values (10, 'Hedwig Millar', 18, 'https://robohash.org/quaeratassumendaipsa.png?size=50x50&set=set1', 'Aenean fermentum. Donec ut mauris eget massa tempor convallis. Nulla neque libero, convallis eget, eleifend luctus, ultricies eu, nibh.');
insert into vecino_entity (id, nombre, edad, profile_Pic, descripcion) values (11, 'Kennie Brunnen', 19, 'https://robohash.org/esseipsumest.png?size=50x50&set=set1', 'Morbi non lectus. Aliquam sit amet diam in magna bibendum imperdiet. Nullam orci pede, venenatis non, sodales sed, tincidunt eu, felis.');
insert into vecino_entity (id, nombre, edad, profile_Pic, descripcion) values (12, 'Andrus Linne', 18, 'https://robohash.org/abquaeratveritatis.png?size=50x50&set=set1', 'Maecenas tristique, est et tempus semper, est quam pharetra magna, ac consequat metus sapien ut nunc. Vestibulum ante ipsum primis in faucibus orci luctus et ultrices posuere cubilia Curae; Mauris viverra diam vitae quam. Suspendisse potenti.');
insert into vecino_entity (id, nombre, edad, profile_Pic, descripcion) values (13, 'Cory McCray', 18, 'https://robohash.org/nonutsit.png?size=50x50&set=set1', 'Aliquam quis turpis eget elit sodales scelerisque. Mauris sit amet eros. Suspendisse accumsan tortor quis turpis.');
insert into vecino_entity (id, nombre, edad, profile_Pic, descripcion) values (14, 'Orlando Klammt', 27, 'https://robohash.org/autdolorumcupiditate.png?size=50x50&set=set1', 'Quisque id justo sit amet sapien dignissim vestibulum. Vestibulum ante ipsum primis in faucibus orci luctus et ultrices posuere cubilia Curae; Nulla dapibus dolor vel est. Donec odio justo, sollicitudin ut, suscipit a, feugiat et, eros.');
insert into vecino_entity (id, nombre, edad, profile_Pic, descripcion) values (15, 'Westleigh Rosenblatt', 40, 'https://robohash.org/voluptasinciduntet.png?size=50x50&set=set1', 'Integer tincidunt ante vel ipsum. Praesent blandit lacinia erat. Vestibulum sed magna at nunc commodo placerat.');
insert into vecino_entity (id, nombre, edad, profile_Pic, descripcion) values (16, 'Kiel Dutnell', 18, 'https://robohash.org/veniaminperspiciatis.png?size=50x50&set=set1', 'Cras mi pede, malesuada in, imperdiet et, commodo vulputate, justo. In blandit ultrices enim. Lorem ipsum dolor sit amet, consectetuer adipiscing elit.');
insert into vecino_entity (id, nombre, edad, profile_Pic, descripcion) values (17, 'Imogene Dunseath', 42, 'https://robohash.org/omnissedut.png?size=50x50&set=set1', 'Morbi porttitor lorem id ligula. Suspendisse ornare consequat lectus. In est risus, auctor sed, tristique in, tempus sit amet, sem.');
insert into vecino_entity (id, nombre, edad, profile_Pic, descripcion) values (18, 'Bert Gearty', 58, 'https://robohash.org/quasieumaut.png?size=50x50&set=set1', 'Sed sagittis. Nam congue, risus semper porta volutpat, quam pede lobortis ligula, sit amet eleifend pede libero quis orci. Nullam molestie nibh in lectus.');
insert into vecino_entity (id, nombre, edad, profile_Pic, descripcion) values (19, 'Philis Raubenheim', 57, 'https://robohash.org/veromaioresautem.png?size=50x50&set=set1', 'Suspendisse potenti. In eleifend quam a odio. In hac habitasse platea dictumst.');
insert into vecino_entity (id, nombre, edad, profile_Pic, descripcion) values (20, 'Tamqrah Kos', 45, 'https://robohash.org/sintundeodit.png?size=50x50&set=set1', 'Curabitur at ipsum ac tellus semper interdum. Mauris ullamcorper purus sit amet nulla. Quisque arcu libero, rutrum ac, lobortis vel, dapibus at, diam.');
insert into vecino_entity (id, nombre, edad, profile_Pic, descripcion) values (21, 'Emilie Swayne', 24, 'https://robohash.org/laborumetqui.png?size=50x50&set=set1', 'Curabitur gravida nisi at nibh. In hac habitasse platea dictumst. Aliquam augue quam, sollicitudin vitae, consectetuer eget, rutrum at, lorem.');
insert into vecino_entity (id, nombre, edad, profile_Pic, descripcion) values (22, 'Jimmie Bernholt', 42, 'https://robohash.org/illumsapientevoluptatum.png?size=50x50&set=set1', 'Nulla ut erat id mauris vulputate elementum. Nullam varius. Nulla facilisi.');
insert into vecino_entity (id, nombre, edad, profile_Pic, descripcion) values (23, 'Gavan Backe', 35, 'https://robohash.org/utenimut.png?size=50x50&set=set1', 'Praesent id massa id nisl venenatis lacinia. Aenean sit amet justo. Morbi ut odio.');
insert into vecino_entity (id, nombre, edad, profile_Pic, descripcion) values (24, 'Loraine Danat', 57, 'https://robohash.org/autemrepudiandaeminima.png?size=50x50&set=set1', 'Nulla ut erat id mauris vulputate elementum. Nullam varius. Nulla facilisi.');
insert into vecino_entity (id, nombre, edad, profile_Pic, descripcion) values (25, 'Gill Cranstone', 32, 'https://robohash.org/enimanimirepellendus.png?size=50x50&set=set1', 'Integer tincidunt ante vel ipsum. Praesent blandit lacinia erat. Vestibulum sed magna at nunc commodo placerat.');
insert into vecino_entity (id, nombre, edad, profile_Pic, descripcion) values (26, 'Brander Burchess', 59, 'https://robohash.org/recusandaeetsoluta.png?size=50x50&set=set1', 'Fusce posuere felis sed lacus. Morbi sem mauris, laoreet ut, rhoncus aliquet, pulvinar sed, nisl. Nunc rhoncus dui vel sem.');
insert into vecino_entity (id, nombre, edad, profile_Pic, descripcion) values (27, 'Alexis Freemantle', 30, 'https://robohash.org/autemfugaconsequatur.png?size=50x50&set=set1', 'Curabitur gravida nisi at nibh. In hac habitasse platea dictumst. Aliquam augue quam, sollicitudin vitae, consectetuer eget, rutrum at, lorem.');
insert into vecino_entity (id, nombre, edad, profile_Pic, descripcion) values (28, 'Shirl Nealey', 42, 'https://robohash.org/iustoquilibero.png?size=50x50&set=set1', 'Mauris enim leo, rhoncus sed, vestibulum sit amet, cursus id, turpis. Integer aliquet, massa id lobortis convallis, tortor risus dapibus augue, vel accumsan tellus nisi eu orci. Mauris lacinia sapien quis libero.');
insert into vecino_entity (id, nombre, edad, profile_Pic, descripcion) values (29, 'Myca Roney', 19, 'https://robohash.org/maioresinciduntsequi.png?size=50x50&set=set1', 'Vestibulum quam sapien, varius ut, blandit non, interdum in, ante. Vestibulum ante ipsum primis in faucibus orci luctus et ultrices posuere cubilia Curae; Duis faucibus accumsan odio. Curabitur convallis.');
insert into vecino_entity (id, nombre, edad, profile_Pic, descripcion) values (30, 'Fergus Steffens', 60, 'https://robohash.org/nullaaliquamdolore.png?size=50x50&set=set1', 'Quisque porta volutpat erat. Quisque erat eros, viverra eget, congue eget, semper rutrum, nulla. Nunc purus.');
insert into vecino_entity (id, nombre, edad, profile_Pic, descripcion) values (31, 'Laverna Le Franc', 49, 'https://robohash.org/oditetest.png?size=50x50&set=set1', 'Donec diam neque, vestibulum eget, vulputate ut, ultrices vel, augue. Vestibulum ante ipsum primis in faucibus orci luctus et ultrices posuere cubilia Curae; Donec pharetra, magna vestibulum aliquet ultrices, erat tortor sollicitudin mi, sit amet lobortis sapien sapien non mi. Integer ac neque.');
insert into vecino_entity (id, nombre, edad, profile_Pic, descripcion) values (32, 'Euphemia Erbain', 48, 'https://robohash.org/debitismagnamenim.png?size=50x50&set=set1', 'Praesent id massa id nisl venenatis lacinia. Aenean sit amet justo. Morbi ut odio.');
insert into vecino_entity (id, nombre, edad, profile_Pic, descripcion) values (33, 'Cammy Sprakes', 39, 'https://robohash.org/quiperferendissoluta.png?size=50x50&set=set1', 'Fusce posuere felis sed lacus. Morbi sem mauris, laoreet ut, rhoncus aliquet, pulvinar sed, nisl. Nunc rhoncus dui vel sem.');
insert into vecino_entity (id, nombre, edad, profile_Pic, descripcion) values (34, 'Hastings Mullord', 36, 'https://robohash.org/commodiconsequaturfacilis.png?size=50x50&set=set1', 'Quisque porta volutpat erat. Quisque erat eros, viverra eget, congue eget, semper rutrum, nulla. Nunc purus.');
insert into vecino_entity (id, nombre, edad, profile_Pic, descripcion) values (35, 'Mair Golledge', 18, 'https://robohash.org/estnostrumimpedit.png?size=50x50&set=set1', 'Sed ante. Vivamus tortor. Duis mattis egestas metus.');
insert into vecino_entity (id, nombre, edad, profile_Pic, descripcion) values (36, 'Ewan Teaze', 44, 'https://robohash.org/laboriosamrepudiandaeoccaecati.png?size=50x50&set=set1', 'Nullam sit amet turpis elementum ligula vehicula consequat. Morbi a ipsum. Integer a nibh.');
insert into vecino_entity (id, nombre, edad, profile_Pic, descripcion) values (37, 'Darnell Wilshire', 33, 'https://robohash.org/dignissimosveniamvoluptatum.png?size=50x50&set=set1', 'Sed sagittis. Nam congue, risus semper porta volutpat, quam pede lobortis ligula, sit amet eleifend pede libero quis orci.');
insert into vecino_entity (id, nombre, edad, profile_Pic, descripcion) values (38, 'Daisi Brame', 23, 'https://robohash.org/mollitiadoloremodio.png?size=50x50&set=set1', 'Praesent id massa id nisl venenatis lacinia. Aenean sit amet justo. Morbi ut odio.');
insert into vecino_entity (id, nombre, edad, profile_Pic, descripcion) values (39, 'Martguerita Collisson', 59, 'https://robohash.org/voluptasconsecteturmagni.png?size=50x50&set=set1', 'Duis bibendum, felis sed interdum venenatis, turpis enim blandit mi, in porttitor pede justo eu massa.');
insert into vecino_entity (id, nombre, edad, profile_Pic, descripcion) values (40, 'Dorthy Redshaw', 33, 'https://robohash.org/autemdoloremquia.png?size=50x50&set=set1', 'Vestibulum ac est lacinia nisi venenatis tristique. Fusce congue, diam id ornare imperdiet, sapien urna pretium nisl, ut volutpat sapien arcu sed augue.');
insert into vecino_entity (id, nombre, edad, profile_Pic, descripcion) values (41, 'Elladine Decayette', 59, 'https://robohash.org/molestiasrepellatfacere.png?size=50x50&set=set1', 'Praesent id massa id nisl venenatis lacinia. Aenean sit amet justo. Morbi ut odio.');
insert into vecino_entity (id, nombre, edad, profile_Pic, descripcion) values (42, 'Cory Wandless', 36, 'https://robohash.org/porrofugitnon.png?size=50x50&set=set1', 'Praesent id massa id nisl venenatis lacinia. Aenean sit amet justo. Morbi ut odio.');
insert into vecino_entity (id, nombre, edad, profile_Pic, descripcion) values (43, 'Libbey Kelbie', 43, 'https://robohash.org/aliquidametaccusantium.png?size=50x50&set=set1', 'Maecenas ut massa quis augue luctus tincidunt. Nulla mollis molestie lorem. Quisque ut erat.');
insert into vecino_entity (id, nombre, edad, profile_Pic, descripcion) values (44, 'Pete Gockeler', 43, 'https://robohash.org/repudiandaeasperioresvoluptate.png?size=50x50&set=set1', 'Maecenas ut massa quis augue luctus tincidunt. Nulla mollis molestie lorem. Quisque ut erat.');
insert into vecino_entity (id, nombre, edad, profile_Pic, descripcion) values (45, 'Shem Pitkeathly', 50, 'https://robohash.org/rerumoccaecatiminus.png?size=50x50&set=set1', 'In hac habitasse platea dictumst. Etiam faucibus cursus urna. Ut tellus.');
insert into vecino_entity (id, nombre, edad, profile_Pic, descripcion) values (46, 'Alikee Kembley', 33, 'https://robohash.org/consequaturipsareiciendis.png?size=50x50&set=set1', 'In congue. Etiam justo. Etiam pretium iaculis justo.');
insert into vecino_entity (id, nombre, edad, profile_Pic, descripcion) values (47, 'Seumas Friese', 40, 'https://robohash.org/aliquamabblanditiis.png?size=50x50&set=set1', 'Mauris enim leo, rhoncus sed, vestibulum sit amet, cursus id, turpis. ');
insert into vecino_entity (id, nombre, edad, profile_Pic, descripcion) values (48, 'Marlane Martyn', 57, 'https://robohash.org/recusandaeremnulla.png?size=50x50&set=set1', 'Fusce posuere felis sed lacus. Morbi sem mauris, laoreet ut, rhoncus aliquet, pulvinar sed, nisl. Nunc rhoncus dui vel sem.');
insert into vecino_entity (id, nombre, edad, profile_Pic, descripcion) values (49, 'Barnabas Puckring', 48, 'https://robohash.org/ametvitaelibero.png?size=50x50&set=set1', 'Proin leo odio, porttitor id, consequat in, consequat ut, nulla. Sed accumsan felis. Ut at dolor quis odio consequat varius.');
insert into vecino_entity (id, nombre, edad, profile_Pic, descripcion) values (50, 'Pen Pleager', 42, 'https://robohash.org/reprehenderitvoluptatemdolor.png?size=50x50&set=set1', 'Nulla ut erat id mauris vulputate elementum. Nullam varius. Nulla facilisi.');
insert into vecino_entity (id, nombre, edad, profile_Pic, descripcion) values (51, 'Iormina Dofty', 48, 'https://robohash.org/quasiquoet.png?size=50x50&set=set1', 'Aenean fermentum. Donec ut mauris eget massa tempor convallis. Nulla neque libero, convallis eget, eleifend luctus, ultricies eu, nibh.');
--fin de crear vecino_entity
-- crear grupos de interes

insert into GRUPOS_DE_INTERES_ENTITY  (id, nombre, descripcion) values (1, 'voleibol', 'Este es un grupo para que todos podamos divertirnos y pasarla bien');
insert into GRUPOS_DE_INTERES_ENTITY  (id, nombre, descripcion) values (2, 'béisbol', 'Este es un grupo con el que podemos crecer en lo que nos gusta');
insert into GRUPOS_DE_INTERES_ENTITY  (id, nombre, descripcion) values (3, 'voleibol', 'Este es un grupo para que todos podamos divertirnos y pasarla bien');
insert into GRUPOS_DE_INTERES_ENTITY  (id, nombre, descripcion) values (4, 'zumba', 'Un grupo hecho sola para las personas más valientes y comprometidas');
insert into GRUPOS_DE_INTERES_ENTITY  (id, nombre, descripcion) values (5, 'fútbol', 'Este es un grupo para que todos podamos divertirnos y pasarla bien');
insert into GRUPOS_DE_INTERES_ENTITY  (id, nombre, descripcion) values (6, 'baloncesto', 'Un grupo hecho sola para las personas más valientes y comprometidas');
insert into GRUPOS_DE_INTERES_ENTITY  (id, nombre, descripcion) values (7, 'baloncesto', 'Un grupo hecho sola para las personas más valientes y comprometidas');
insert into GRUPOS_DE_INTERES_ENTITY  (id, nombre, descripcion) values (8, 'béisbol', 'Un grupo hecho sola para las personas más valientes y comprometidas');
insert into GRUPOS_DE_INTERES_ENTITY  (id, nombre, descripcion) values (9, 'fútbol', 'Este es un grupo con el que podemos crecer en lo que nos gusta');
insert into GRUPOS_DE_INTERES_ENTITY  (id, nombre, descripcion) values (10, 'béisbol', 'Un grupo hecho sola para las personas más valientes y comprometidas');
insert into GRUPOS_DE_INTERES_ENTITY  (id, nombre, descripcion) values (11, 'zumba', 'Este es un grupo con el que podemos crecer en lo que nos gusta');
insert into GRUPOS_DE_INTERES_ENTITY  (id, nombre, descripcion) values (12, 'zumba', 'Este es un grupo para que todos podamos divertirnos y pasarla bien');
insert into GRUPOS_DE_INTERES_ENTITY  (id, nombre, descripcion) values (13, 'pilates', 'Un grupo hecho sola para las personas más valientes y comprometidas');
insert into GRUPOS_DE_INTERES_ENTITY  (id, nombre, descripcion) values (14, 'kickboxing', 'Un grupo hecho sola para las personas más valientes y comprometidas');
insert into GRUPOS_DE_INTERES_ENTITY  (id, nombre, descripcion) values (15, 'pilates', 'Este es un grupo con el que podemos crecer en lo que nos gusta');
insert into GRUPOS_DE_INTERES_ENTITY  (id, nombre, descripcion) values (16, 'pilates', 'Este es un grupo con el que podemos crecer en lo que nos gusta');
insert into GRUPOS_DE_INTERES_ENTITY  (id, nombre, descripcion) values (17, 'pilates', 'Este es un grupo para que todos podamos divertirnos y pasarla bien');
insert into GRUPOS_DE_INTERES_ENTITY  (id, nombre, descripcion) values (18, 'béisbol', 'Este es un grupo con el que podemos crecer en lo que nos gusta');
insert into GRUPOS_DE_INTERES_ENTITY  (id, nombre, descripcion) values (19, 'béisbol', 'Este es un grupo con el que podemos crecer en lo que nos gusta');
insert into GRUPOS_DE_INTERES_ENTITY  (id, nombre, descripcion) values (20, 'ciclismo', 'Este es un grupo con el que podemos crecer en lo que nos gusta');
insert into GRUPOS_DE_INTERES_ENTITY  (id, nombre, descripcion) values (21, 'fútbol', 'Un grupo hecho sola para las personas más valientes y comprometidas');
insert into GRUPOS_DE_INTERES_ENTITY  (id, nombre, descripcion) values (22, 'baloncesto', 'Un grupo hecho sola para las personas más valientes y comprometidas');
insert into GRUPOS_DE_INTERES_ENTITY  (id, nombre, descripcion) values (23, 'zumba', 'Este es un grupo para que todos podamos divertirnos y pasarla bien');
insert into GRUPOS_DE_INTERES_ENTITY  (id, nombre, descripcion) values (24, 'pilates', 'Este es un grupo para que todos podamos divertirnos y pasarla bien');
insert into GRUPOS_DE_INTERES_ENTITY  (id, nombre, descripcion) values (25, 'fútbol', 'Este es un grupo para que todos podamos divertirnos y pasarla bien');
insert into GRUPOS_DE_INTERES_ENTITY  (id, nombre, descripcion) values (26, 'natación', 'Este es un grupo para que todos podamos divertirnos y pasarla bien');
insert into GRUPOS_DE_INTERES_ENTITY  (id, nombre, descripcion) values (27, 'béisbol', 'Un grupo hecho sola para las personas más valientes y comprometidas');
insert into GRUPOS_DE_INTERES_ENTITY  (id, nombre, descripcion) values (28, 'baloncesto', 'Este es un grupo con el que podemos crecer en lo que nos gusta');
insert into GRUPOS_DE_INTERES_ENTITY  (id, nombre, descripcion) values (29, 'kickboxing', 'Este es un grupo con el que podemos crecer en lo que nos gusta');
insert into GRUPOS_DE_INTERES_ENTITY  (id, nombre, descripcion) values (30, 'zumba', 'Un grupo hecho sola para las personas más valientes y comprometidas');
insert into GRUPOS_DE_INTERES_ENTITY  (id, nombre, descripcion) values (31, 'baloncesto', 'Un grupo hecho sola para las personas más valientes y comprometidas');
insert into GRUPOS_DE_INTERES_ENTITY  (id, nombre, descripcion) values (32, 'baloncesto', 'Este es un grupo con el que podemos crecer en lo que nos gusta');
insert into GRUPOS_DE_INTERES_ENTITY  (id, nombre, descripcion) values (33, 'yoga', 'Este es un grupo para que todos podamos divertirnos y pasarla bien');
insert into GRUPOS_DE_INTERES_ENTITY  (id, nombre, descripcion) values (34, 'voleibol', 'Este es un grupo con el que podemos crecer en lo que nos gusta');
insert into GRUPOS_DE_INTERES_ENTITY  (id, nombre, descripcion) values (35, 'kickboxing', 'Este es un grupo con el que podemos crecer en lo que nos gusta');
insert into GRUPOS_DE_INTERES_ENTITY  (id, nombre, descripcion) values (36, 'béisbol', 'Este es un grupo con el que podemos crecer en lo que nos gusta');
insert into GRUPOS_DE_INTERES_ENTITY  (id, nombre, descripcion) values (37, 'béisbol', 'Un grupo hecho sola para las personas más valientes y comprometidas');
insert into GRUPOS_DE_INTERES_ENTITY  (id, nombre, descripcion) values (38, 'voleibol', 'Este es un grupo con el que podemos crecer en lo que nos gusta');
insert into GRUPOS_DE_INTERES_ENTITY  (id, nombre, descripcion) values (39, 'ciclismo', 'Este es un grupo con el que podemos crecer en lo que nos gusta');
insert into GRUPOS_DE_INTERES_ENTITY  (id, nombre, descripcion) values (40, 'kickboxing', 'Un grupo hecho sola para las personas más valientes y comprometidas');
insert into GRUPOS_DE_INTERES_ENTITY  (id, nombre, descripcion) values (41, 'fútbol', 'Un grupo hecho sola para las personas más valientes y comprometidas');
insert into GRUPOS_DE_INTERES_ENTITY  (id, nombre, descripcion) values (42, 'voleibol', 'Este es un grupo para que todos podamos divertirnos y pasarla bien');
insert into GRUPOS_DE_INTERES_ENTITY  (id, nombre, descripcion) values (43, 'voleibol', 'Un grupo hecho sola para las personas más valientes y comprometidas');
insert into GRUPOS_DE_INTERES_ENTITY  (id, nombre, descripcion) values (44, 'fútbol', 'Este es un grupo con el que podemos crecer en lo que nos gusta');
insert into GRUPOS_DE_INTERES_ENTITY  (id, nombre, descripcion) values (45, 'kickboxing', 'Este es un grupo con el que podemos crecer en lo que nos gusta');
insert into GRUPOS_DE_INTERES_ENTITY  (id, nombre, descripcion) values (46, 'pilates', 'Este es un grupo con el que podemos crecer en lo que nos gusta');
insert into GRUPOS_DE_INTERES_ENTITY  (id, nombre, descripcion) values (47, 'natación', 'Un grupo hecho sola para las personas más valientes y comprometidas');
insert into GRUPOS_DE_INTERES_ENTITY  (id, nombre, descripcion) values (48, 'kickboxing', 'Este es un grupo con el que podemos crecer en lo que nos gusta');
insert into GRUPOS_DE_INTERES_ENTITY  (id, nombre, descripcion) values (49, 'zumba', 'Un grupo hecho sola para las personas más valientes y comprometidas');
insert into GRUPOS_DE_INTERES_ENTITY  (id, nombre, descripcion) values (50, 'ciclismo', 'Este es un grupo con el que podemos crecer en lo que nos gusta');

-- relacion vecino - grupo de interes
insert into GRUPOS_DE_INTERES_ENTITY_VECINOS  (GRUPOS_DE_INTERES_ID , VECINOS_ID ) values (1, 26);
insert into GRUPOS_DE_INTERES_ENTITY_VECINOS  (GRUPOS_DE_INTERES_ID , VECINOS_ID ) values (2, 2);
insert into GRUPOS_DE_INTERES_ENTITY_VECINOS  (GRUPOS_DE_INTERES_ID , VECINOS_ID ) values (3, 43);
insert into GRUPOS_DE_INTERES_ENTITY_VECINOS  (GRUPOS_DE_INTERES_ID , VECINOS_ID ) values (4, 27);
insert into GRUPOS_DE_INTERES_ENTITY_VECINOS  (GRUPOS_DE_INTERES_ID , VECINOS_ID ) values (5, 20);
insert into GRUPOS_DE_INTERES_ENTITY_VECINOS  (GRUPOS_DE_INTERES_ID , VECINOS_ID ) values (6, 35);
insert into GRUPOS_DE_INTERES_ENTITY_VECINOS  (GRUPOS_DE_INTERES_ID , VECINOS_ID ) values (7, 20);
insert into GRUPOS_DE_INTERES_ENTITY_VECINOS  (GRUPOS_DE_INTERES_ID , VECINOS_ID ) values (8, 26);
insert into GRUPOS_DE_INTERES_ENTITY_VECINOS  (GRUPOS_DE_INTERES_ID , VECINOS_ID ) values (9, 44);
insert into GRUPOS_DE_INTERES_ENTITY_VECINOS  (GRUPOS_DE_INTERES_ID , VECINOS_ID ) values (10, 24);
insert into GRUPOS_DE_INTERES_ENTITY_VECINOS  (GRUPOS_DE_INTERES_ID , VECINOS_ID ) values (11, 21);
insert into GRUPOS_DE_INTERES_ENTITY_VECINOS  (GRUPOS_DE_INTERES_ID , VECINOS_ID ) values (12, 31);
insert into GRUPOS_DE_INTERES_ENTITY_VECINOS  (GRUPOS_DE_INTERES_ID , VECINOS_ID ) values (13, 44);
insert into GRUPOS_DE_INTERES_ENTITY_VECINOS  (GRUPOS_DE_INTERES_ID , VECINOS_ID ) values (14, 47);
insert into GRUPOS_DE_INTERES_ENTITY_VECINOS  (GRUPOS_DE_INTERES_ID , VECINOS_ID ) values (15, 29);
insert into GRUPOS_DE_INTERES_ENTITY_VECINOS  (GRUPOS_DE_INTERES_ID , VECINOS_ID ) values (16, 8);
insert into GRUPOS_DE_INTERES_ENTITY_VECINOS  (GRUPOS_DE_INTERES_ID , VECINOS_ID ) values (17, 29);
insert into GRUPOS_DE_INTERES_ENTITY_VECINOS  (GRUPOS_DE_INTERES_ID , VECINOS_ID ) values (18, 46);
insert into GRUPOS_DE_INTERES_ENTITY_VECINOS  (GRUPOS_DE_INTERES_ID , VECINOS_ID ) values (19, 44);
insert into GRUPOS_DE_INTERES_ENTITY_VECINOS  (GRUPOS_DE_INTERES_ID , VECINOS_ID ) values (20, 10);
insert into GRUPOS_DE_INTERES_ENTITY_VECINOS  (GRUPOS_DE_INTERES_ID , VECINOS_ID ) values (21, 17);
insert into GRUPOS_DE_INTERES_ENTITY_VECINOS  (GRUPOS_DE_INTERES_ID , VECINOS_ID ) values (22, 32);
insert into GRUPOS_DE_INTERES_ENTITY_VECINOS  (GRUPOS_DE_INTERES_ID , VECINOS_ID ) values (23, 30);
insert into GRUPOS_DE_INTERES_ENTITY_VECINOS  (GRUPOS_DE_INTERES_ID , VECINOS_ID ) values (24, 4);
insert into GRUPOS_DE_INTERES_ENTITY_VECINOS  (GRUPOS_DE_INTERES_ID , VECINOS_ID ) values (25, 24);
insert into GRUPOS_DE_INTERES_ENTITY_VECINOS  (GRUPOS_DE_INTERES_ID , VECINOS_ID ) values (26, 5);
insert into GRUPOS_DE_INTERES_ENTITY_VECINOS  (GRUPOS_DE_INTERES_ID , VECINOS_ID ) values (27, 11);
insert into GRUPOS_DE_INTERES_ENTITY_VECINOS  (GRUPOS_DE_INTERES_ID , VECINOS_ID ) values (28, 9);
insert into GRUPOS_DE_INTERES_ENTITY_VECINOS  (GRUPOS_DE_INTERES_ID , VECINOS_ID ) values (29, 15);
insert into GRUPOS_DE_INTERES_ENTITY_VECINOS  (GRUPOS_DE_INTERES_ID , VECINOS_ID ) values (30, 6);
insert into GRUPOS_DE_INTERES_ENTITY_VECINOS  (GRUPOS_DE_INTERES_ID , VECINOS_ID ) values (31, 7);
insert into GRUPOS_DE_INTERES_ENTITY_VECINOS  (GRUPOS_DE_INTERES_ID , VECINOS_ID ) values (32, 45);
insert into GRUPOS_DE_INTERES_ENTITY_VECINOS  (GRUPOS_DE_INTERES_ID , VECINOS_ID ) values (33, 28);
insert into GRUPOS_DE_INTERES_ENTITY_VECINOS  (GRUPOS_DE_INTERES_ID , VECINOS_ID ) values (34, 37);
insert into GRUPOS_DE_INTERES_ENTITY_VECINOS  (GRUPOS_DE_INTERES_ID , VECINOS_ID ) values (35, 23);
insert into GRUPOS_DE_INTERES_ENTITY_VECINOS  (GRUPOS_DE_INTERES_ID , VECINOS_ID ) values (36, 35);
insert into GRUPOS_DE_INTERES_ENTITY_VECINOS  (GRUPOS_DE_INTERES_ID , VECINOS_ID ) values (37, 45);
insert into GRUPOS_DE_INTERES_ENTITY_VECINOS  (GRUPOS_DE_INTERES_ID , VECINOS_ID ) values (38, 32);
insert into GRUPOS_DE_INTERES_ENTITY_VECINOS  (GRUPOS_DE_INTERES_ID , VECINOS_ID ) values (39, 48);
insert into GRUPOS_DE_INTERES_ENTITY_VECINOS  (GRUPOS_DE_INTERES_ID , VECINOS_ID ) values (40, 32);
insert into GRUPOS_DE_INTERES_ENTITY_VECINOS  (GRUPOS_DE_INTERES_ID , VECINOS_ID ) values (41, 17);
insert into GRUPOS_DE_INTERES_ENTITY_VECINOS  (GRUPOS_DE_INTERES_ID , VECINOS_ID ) values (42, 34);
insert into GRUPOS_DE_INTERES_ENTITY_VECINOS  (GRUPOS_DE_INTERES_ID , VECINOS_ID ) values (43, 44);
insert into GRUPOS_DE_INTERES_ENTITY_VECINOS  (GRUPOS_DE_INTERES_ID , VECINOS_ID ) values (44, 15);
insert into GRUPOS_DE_INTERES_ENTITY_VECINOS  (GRUPOS_DE_INTERES_ID , VECINOS_ID ) values (45, 8);
insert into GRUPOS_DE_INTERES_ENTITY_VECINOS  (GRUPOS_DE_INTERES_ID , VECINOS_ID ) values (46, 27);
insert into GRUPOS_DE_INTERES_ENTITY_VECINOS  (GRUPOS_DE_INTERES_ID , VECINOS_ID ) values (47, 32);
insert into GRUPOS_DE_INTERES_ENTITY_VECINOS  (GRUPOS_DE_INTERES_ID , VECINOS_ID ) values (48, 42);
insert into GRUPOS_DE_INTERES_ENTITY_VECINOS  (GRUPOS_DE_INTERES_ID , VECINOS_ID ) values (49, 46);
insert into GRUPOS_DE_INTERES_ENTITY_VECINOS  (GRUPOS_DE_INTERES_ID , VECINOS_ID ) values (50, 31);