--inicio de población vecino_entity
-- Barcelona
INSERT INTO vecindario_entity (nombre, ciudad, localidad) VALUES ('El Raval', 'Barcelona', 'Ciutat Vella');
INSERT INTO vecindario_entity (nombre, ciudad, localidad) VALUES ('Gothic Quarter', 'Barcelona', 'Ciutat Vella');
INSERT INTO vecindario_entity (nombre, ciudad, localidad) VALUES ('El Poblenou', 'Barcelona', 'Sant Martí');
INSERT INTO vecindario_entity (nombre, ciudad, localidad) VALUES ('Gracia', 'Barcelona', 'Gracia');
INSERT INTO vecindario_entity (nombre, ciudad, localidad) VALUES ('El Born', 'Barcelona', 'Ciutat Vella');
INSERT INTO vecindario_entity (nombre, ciudad, localidad) VALUES ('Sants', 'Barcelona', 'Sants-Montjuïc');
INSERT INTO vecindario_entity (nombre, ciudad, localidad) VALUES ('La Barceloneta', 'Barcelona', 'Ciutat Vella');
INSERT INTO vecindario_entity (nombre, ciudad, localidad) VALUES ('Sarrià', 'Barcelona', 'Sarrià-Sant Gervasi');
INSERT INTO vecindario_entity (nombre, ciudad, localidad) VALUES ('El Clot', 'Barcelona', 'Sant Martí');
INSERT INTO vecindario_entity (nombre, ciudad, localidad) VALUES ('Horta', 'Barcelona', 'Horta-Guinardó');

-- Valencia
INSERT INTO vecindario_entity (nombre, ciudad, localidad) VALUES ('Patraix', 'Valencia', 'Patraix');
INSERT INTO vecindario_entity (nombre, ciudad, localidad) VALUES ('La Saidia', 'Valencia', 'La Saidia');
INSERT INTO vecindario_entity (nombre, ciudad, localidad) VALUES ('El Botanic', 'Valencia', 'Extramurs');
INSERT INTO vecindario_entity (nombre, ciudad, localidad) VALUES ('Ciutat de les Arts i les Ciències', 'Valencia', 'Quatre Carreres');
INSERT INTO vecindario_entity (nombre, ciudad, localidad) VALUES ('El Saler', 'Valencia', 'Poblats del Sud');

-- Madrid
INSERT INTO vecindario_entity (nombre, ciudad, localidad) VALUES ('Salamanca', 'Madrid', 'Salamanca');
INSERT INTO vecindario_entity (nombre, ciudad, localidad) VALUES ('Retiro', 'Madrid', 'Retiro');
INSERT INTO vecindario_entity (nombre, ciudad, localidad) VALUES ('Moncloa', 'Madrid', 'Moncloa-Aravaca');
INSERT INTO vecindario_entity (nombre, ciudad, localidad) VALUES ('Tetuán', 'Madrid', 'Tetuán');
INSERT INTO vecindario_entity (nombre, ciudad, localidad) VALUES ('Vallecas', 'Madrid', 'Puente de Vallecas');

--inicio de crear vecino_entity
insert into vecino_entity (id, nombre, edad, profile_Pic, descripcion, vecindario_id) values (1, 'Christian Espinoy', 60, 'https://robohash.org/eligendiaccusantiumlaborum.png?size=50x50&set=set1', 'Pusan National University', 5);
insert into vecino_entity (id, nombre, edad, profile_Pic, descripcion, vecindario_id) values (2, 'Kaitlyn Phelan', 37, 'https://robohash.org/sintconsequaturnon.png?size=50x50&set=set1', 'Western Bible College', 11);
insert into vecino_entity (id, nombre, edad, profile_Pic, descripcion, vecindario_id) values (3, 'Umeko Bartaletti', 42, 'https://robohash.org/perferendisidasperiores.png?size=50x50&set=set1', 'Georgian Court College', 19);
insert into vecino_entity (id, nombre, edad, profile_Pic, descripcion, vecindario_id) values (4, 'Marcille Laxston', 51, 'https://robohash.org/dictaautrerum.png?size=50x50&set=set1', 'University of Trinidad and Tobago', 18);
insert into vecino_entity (id, nombre, edad, profile_Pic, descripcion, vecindario_id) values (5, 'Etheline Nuzzti', 32, 'https://robohash.org/etipsumlaboriosam.png?size=50x50&set=set1', 'Escuela Politécnica de Chimborazo', 18);
insert into vecino_entity (id, nombre, edad, profile_Pic, descripcion, vecindario_id) values (6, 'Romain Moy', 35, 'https://robohash.org/voluptateplaceatmaxime.png?size=50x50&set=set1', 'Fontbonne College', 11);
insert into vecino_entity (id, nombre, edad, profile_Pic, descripcion, vecindario_id) values (7, 'Anjela Whatham', 39, 'https://robohash.org/quasiomnisaccusantium.png?size=50x50&set=set1', 'Spertus Institute of Jewish Studies', 6);
insert into vecino_entity (id, nombre, edad, profile_Pic, descripcion, vecindario_id) values (8, 'Collen Caustic', 18, 'https://robohash.org/aliasassumendarem.png?size=50x50&set=set1', 'Wesleyan University Philippines', 7);
insert into vecino_entity (id, nombre, edad, profile_Pic, descripcion, vecindario_id) values (9, 'Hugues Dredge', 33, 'https://robohash.org/etcupiditateporro.png?size=50x50&set=set1', 'Glendale University College of Law', 12);
insert into vecino_entity (id, nombre, edad, profile_Pic, descripcion, vecindario_id) values (10, 'Broddy Fulmen', 42, 'https://robohash.org/errorreiciendisab.png?size=50x50&set=set1', 'University of North America', 1);
insert into vecino_entity (id, nombre, edad, profile_Pic, descripcion, vecindario_id) values (11, 'Tyrone Gensavage', 31, 'https://robohash.org/quipariaturquidem.png?size=50x50&set=set1', 'Fachhochschule Koblenz', 5);
insert into vecino_entity (id, nombre, edad, profile_Pic, descripcion, vecindario_id) values (12, 'Shoshana Buick', 43, 'https://robohash.org/sedquodquisquam.png?size=50x50&set=set1', 'Nagoya Economics University', 14);
insert into vecino_entity (id, nombre, edad, profile_Pic, descripcion, vecindario_id) values (13, 'Harmonia Scardifeild', 27, 'https://robohash.org/voluptatemenimvoluptate.png?size=50x50&set=set1', 'Suleyman Demirel University', 18);
insert into vecino_entity (id, nombre, edad, profile_Pic, descripcion, vecindario_id) values (14, 'Bennie Maccree', 48, 'https://robohash.org/doloresarchitectoodit.png?size=50x50&set=set1', 'Indian Institute of Management, Tiruchirappalli', 2);
insert into vecino_entity (id, nombre, edad, profile_Pic, descripcion, vecindario_id) values (15, 'Darsey Commin', 54, 'https://robohash.org/velitconsequaturlaudantium.png?size=50x50&set=set1', 'University of Nova Gorica', 18);
insert into vecino_entity (id, nombre, edad, profile_Pic, descripcion, vecindario_id) values (16, 'Val Covelle', 56, 'https://robohash.org/nobissuntunde.png?size=50x50&set=set1', 'DIPLOMA-Fachhochschule Ölsnitz/Vogtland', 19);
insert into vecino_entity (id, nombre, edad, profile_Pic, descripcion, vecindario_id) values (17, 'Jilly Shoebrook', 25, 'https://robohash.org/reiciendisautblanditiis.png?size=50x50&set=set1', 'Takachiho University', 10);
insert into vecino_entity (id, nombre, edad, profile_Pic, descripcion, vecindario_id) values (18, 'Stanley Vidgen', 46, 'https://robohash.org/exercitationemimpeditad.png?size=50x50&set=set1', 'Kahramanmaras Sütcü Imam University', 19);
insert into vecino_entity (id, nombre, edad, profile_Pic, descripcion, vecindario_id) values (19, 'Odella Cornthwaite', 41, 'https://robohash.org/quasiomniscorporis.png?size=50x50&set=set1', 'University of Medicine and Pharmacy of Bucharest', 19);
insert into vecino_entity (id, nombre, edad, profile_Pic, descripcion, vecindario_id) values (20, 'Jerome Teece', 45, 'https://robohash.org/commodiestcorporis.png?size=50x50&set=set1', 'National Institute of Fitness and Sports Kanoya', 6);
insert into vecino_entity (id, nombre, edad, profile_Pic, descripcion, vecindario_id) values (21, 'Taite McKane', 29, 'https://robohash.org/quasidelectusoccaecati.png?size=50x50&set=set1', 'University of New England', 15);
insert into vecino_entity (id, nombre, edad, profile_Pic, descripcion, vecindario_id) values (22, 'Lucita Oliveti', 39, 'https://robohash.org/autconsequunturvoluptatem.png?size=50x50&set=set1', 'University of Music and Fine Arts', 2);
insert into vecino_entity (id, nombre, edad, profile_Pic, descripcion, vecindario_id) values (23, 'Leila Burcombe', 54, 'https://robohash.org/rerumtemporeest.png?size=50x50&set=set1', 'Universidade Estadual de Londrina', 1);
insert into vecino_entity (id, nombre, edad, profile_Pic, descripcion, vecindario_id) values (24, 'Keen Wapol', 24, 'https://robohash.org/autametdolor.png?size=50x50&set=set1', 'Cleveland Chiropractic College, Los Angeles', 3);
insert into vecino_entity (id, nombre, edad, profile_Pic, descripcion, vecindario_id) values (25, 'Gradey Bonellie', 51, 'https://robohash.org/rerumveniamest.png?size=50x50&set=set1', 'Shanghai Ouhua Vocational Technical College', 2);
insert into vecino_entity (id, nombre, edad, profile_Pic, descripcion, vecindario_id) values (26, 'Henrie Gilder', 33, 'https://robohash.org/accusantiuminciduntsimilique.png?size=50x50&set=set1', 'Fachhochschule Kufstein (Tirol)', 10);
insert into vecino_entity (id, nombre, edad, profile_Pic, descripcion, vecindario_id) values (27, 'Kalie Cherrington', 23, 'https://robohash.org/estconsequaturut.png?size=50x50&set=set1', 'Bohai University', 6);
insert into vecino_entity (id, nombre, edad, profile_Pic, descripcion, vecindario_id) values (28, 'Artemus Bolding', 49, 'https://robohash.org/placeatestnon.png?size=50x50&set=set1', 'Andrews University', 11);
insert into vecino_entity (id, nombre, edad, profile_Pic, descripcion, vecindario_id) values (29, 'Raine Alexandre', 21, 'https://robohash.org/atnisicum.png?size=50x50&set=set1', 'Universidad de Carabobo', 7);
insert into vecino_entity (id, nombre, edad, profile_Pic, descripcion, vecindario_id) values (30, 'Alden Mosconi', 24, 'https://robohash.org/modiaccusantiumconsequuntur.png?size=50x50&set=set1', 'University of Fort Hare', 6);
insert into vecino_entity (id, nombre, edad, profile_Pic, descripcion, vecindario_id) values (31, 'Leona Thorley', 28, 'https://robohash.org/doloremqueomnisest.png?size=50x50&set=set1', 'Shri Jagannath Sanskrit University', 14);
insert into vecino_entity (id, nombre, edad, profile_Pic, descripcion, vecindario_id) values (32, 'Fernande Syvret', 37, 'https://robohash.org/etautexercitationem.png?size=50x50&set=set1', 'Bluffton College', 20);
insert into vecino_entity (id, nombre, edad, profile_Pic, descripcion, vecindario_id) values (33, 'Garvy D''Emanuele', 21, 'https://robohash.org/eumoditrerum.png?size=50x50&set=set1', 'Siebold University of Nagasaki', 19);
insert into vecino_entity (id, nombre, edad, profile_Pic, descripcion, vecindario_id) values (34, 'Lauren Queripel', 56, 'https://robohash.org/doloribusassumendaest.png?size=50x50&set=set1', 'Instituto Politécnico de Bragança', 11);
insert into vecino_entity (id, nombre, edad, profile_Pic, descripcion, vecindario_id) values (35, 'Dominick Degan', 29, 'https://robohash.org/excepturiofficianon.png?size=50x50&set=set1', 'Srinakharinwirot University', 9);
insert into vecino_entity (id, nombre, edad, profile_Pic, descripcion, vecindario_id) values (36, 'Ciel Bert', 49, 'https://robohash.org/autmagnamet.png?size=50x50&set=set1', 'Indiana State University', 5);
insert into vecino_entity (id, nombre, edad, profile_Pic, descripcion, vecindario_id) values (37, 'Rheta Anfrey', 26, 'https://robohash.org/quoshicquaerat.png?size=50x50&set=set1', 'Universidad Agroforestal Fernando A.Meriño', 16);
insert into vecino_entity (id, nombre, edad, profile_Pic, descripcion, vecindario_id) values (38, 'Suzanne Horsewood', 34, 'https://robohash.org/illoutqui.png?size=50x50&set=set1', 'University of Western Australia', 4);
insert into vecino_entity (id, nombre, edad, profile_Pic, descripcion, vecindario_id) values (39, 'Nonah McGillacoell', 53, 'https://robohash.org/temporaquiapossimus.png?size=50x50&set=set1', 'State University of Management', 20);
insert into vecino_entity (id, nombre, edad, profile_Pic, descripcion, vecindario_id) values (40, 'Nathanil Rodolico', 39, 'https://robohash.org/aliasutmagnam.png?size=50x50&set=set1', 'Islamic University in Uganda', 8);
insert into vecino_entity (id, nombre, edad, profile_Pic, descripcion, vecindario_id) values (41, 'Pepita Dagg', 44, 'https://robohash.org/aspernaturenimquibusdam.png?size=50x50&set=set1', 'Warsaw School of Information Technology', 19);
insert into vecino_entity (id, nombre, edad, profile_Pic, descripcion, vecindario_id) values (42, 'Vera Warke', 34, 'https://robohash.org/voluptasquosid.png?size=50x50&set=set1', 'John Cabot University', 1);
insert into vecino_entity (id, nombre, edad, profile_Pic, descripcion, vecindario_id) values (43, 'Moll Gircke', 30, 'https://robohash.org/laboriosamvoluptassit.png?size=50x50&set=set1', 'Shandong Normal University', 1);
insert into vecino_entity (id, nombre, edad, profile_Pic, descripcion, vecindario_id) values (44, 'Hakeem Cail', 46, 'https://robohash.org/etaliquiddistinctio.png?size=50x50&set=set1', 'Novgorod State University', 8);
insert into vecino_entity (id, nombre, edad, profile_Pic, descripcion, vecindario_id) values (45, 'Florencia Lambdon', 43, 'https://robohash.org/eosliberofacilis.png?size=50x50&set=set1', 'Dallas Christian College', 4);
insert into vecino_entity (id, nombre, edad, profile_Pic, descripcion, vecindario_id) values (46, 'Genevra Slemming', 35, 'https://robohash.org/doloremmaioresiusto.png?size=50x50&set=set1', 'University Canada West', 7);
insert into vecino_entity (id, nombre, edad, profile_Pic, descripcion, vecindario_id) values (47, 'Adara Hazart', 53, 'https://robohash.org/enimrerumsoluta.png?size=50x50&set=set1', 'Middlesex University', 10);
insert into vecino_entity (id, nombre, edad, profile_Pic, descripcion, vecindario_id) values (48, 'Rodolph Dwelling', 47, 'https://robohash.org/dolorumadrerum.png?size=50x50&set=set1', 'Fachhochschule Bochum', 11);
insert into vecino_entity (id, nombre, edad, profile_Pic, descripcion, vecindario_id) values (49, 'Billye Gennerich', 40, 'https://robohash.org/laboriosamquovoluptatum.png?size=50x50&set=set1', 'National Institute of Technology, Durgapur', 14);
insert into vecino_entity (id, nombre, edad, profile_Pic, descripcion, vecindario_id) values (50, 'Paxon Golightly', 23, 'https://robohash.org/enimofficiispraesentium.png?size=50x50&set=set1', 'Universidad del Norte', 1);
--fin de crear vecino_entity
-- crear grupos de interes

insert into GRUPOS_DE_INTERES_ENTITY (id, DESCRIPCION, NOMBRE) values (1, 'Un grupo hecho sola para las personas más valientes y comprometidas', 'voluntariado');
insert into GRUPOS_DE_INTERES_ENTITY (id, DESCRIPCION, NOMBRE) values (2, 'Un grupo hecho sola para las personas más valientes y comprometidas', 'teatro');
insert into GRUPOS_DE_INTERES_ENTITY (id, DESCRIPCION, NOMBRE) values (3, 'Este es un grupo con el que podemos crecer en lo que nos gusta', 'música');
insert into GRUPOS_DE_INTERES_ENTITY (id, DESCRIPCION, NOMBRE) values (4, 'Este es un grupo para que todos podamos divertirnos y pasarla bien', 'tenis');
insert into GRUPOS_DE_INTERES_ENTITY (id, DESCRIPCION, NOMBRE) values (5, 'Este es un grupo para que todos podamos divertirnos y pasarla bien', 'natación');
insert into GRUPOS_DE_INTERES_ENTITY (id, DESCRIPCION, NOMBRE) values (6, 'Este es un grupo para que todos podamos divertirnos y pasarla bien', 'fútbol');
insert into GRUPOS_DE_INTERES_ENTITY (id, DESCRIPCION, NOMBRE) values (7, 'Un grupo hecho sola para las personas más valientes y comprometidas', 'fútbol');
insert into GRUPOS_DE_INTERES_ENTITY (id, DESCRIPCION, NOMBRE) values (8, 'Este es un grupo para que todos podamos divertirnos y pasarla bien', 'natación');
insert into GRUPOS_DE_INTERES_ENTITY (id, DESCRIPCION, NOMBRE) values (9, 'Este es un grupo con el que podemos crecer en lo que nos gusta', 'música');
insert into GRUPOS_DE_INTERES_ENTITY (id, DESCRIPCION, NOMBRE) values (10, 'Un grupo hecho sola para las personas más valientes y comprometidas', 'baloncesto');
insert into GRUPOS_DE_INTERES_ENTITY (id, DESCRIPCION, NOMBRE) values (11, 'Este es un grupo para que todos podamos divertirnos y pasarla bien', 'teatro');
insert into GRUPOS_DE_INTERES_ENTITY (id, DESCRIPCION, NOMBRE) values (12, 'Este es un grupo con el que podemos crecer en lo que nos gusta', 'música');
insert into GRUPOS_DE_INTERES_ENTITY (id, DESCRIPCION, NOMBRE) values (13, 'Este es un grupo con el que podemos crecer en lo que nos gusta', 'música');
insert into GRUPOS_DE_INTERES_ENTITY (id, DESCRIPCION, NOMBRE) values (14, 'Este es un grupo con el que podemos crecer en lo que nos gusta', 'baloncesto');
insert into GRUPOS_DE_INTERES_ENTITY (id, DESCRIPCION, NOMBRE) values (15, 'Este es un grupo con el que podemos crecer en lo que nos gusta', 'música');
insert into GRUPOS_DE_INTERES_ENTITY (id, DESCRIPCION, NOMBRE) values (16, 'Un grupo hecho sola para las personas más valientes y comprometidas', 'voluntariado');
insert into GRUPOS_DE_INTERES_ENTITY (id, DESCRIPCION, NOMBRE) values (17, 'Un grupo hecho sola para las personas más valientes y comprometidas', 'natación');
insert into GRUPOS_DE_INTERES_ENTITY (id, DESCRIPCION, NOMBRE) values (18, 'Este es un grupo con el que podemos crecer en lo que nos gusta', 'natación');
insert into GRUPOS_DE_INTERES_ENTITY (id, DESCRIPCION, NOMBRE) values (19, 'Un grupo hecho sola para las personas más valientes y comprometidas', 'baloncesto');
insert into GRUPOS_DE_INTERES_ENTITY (id, DESCRIPCION, NOMBRE) values (20, 'Este es un grupo para que todos podamos divertirnos y pasarla bien', 'tenis');
insert into GRUPOS_DE_INTERES_ENTITY (id, DESCRIPCION, NOMBRE) values (21, 'Este es un grupo con el que podemos crecer en lo que nos gusta', 'arte');
insert into GRUPOS_DE_INTERES_ENTITY (id, DESCRIPCION, NOMBRE) values (22, 'Este es un grupo con el que podemos crecer en lo que nos gusta', 'voluntariado');
insert into GRUPOS_DE_INTERES_ENTITY (id, DESCRIPCION, NOMBRE) values (23, 'Este es un grupo con el que podemos crecer en lo que nos gusta', 'natación');
insert into GRUPOS_DE_INTERES_ENTITY (id, DESCRIPCION, NOMBRE) values (24, 'Un grupo hecho sola para las personas más valientes y comprometidas', 'natación');
insert into GRUPOS_DE_INTERES_ENTITY (id, DESCRIPCION, NOMBRE) values (25, 'Un grupo hecho sola para las personas más valientes y comprometidas', 'arte');
insert into GRUPOS_DE_INTERES_ENTITY (id, DESCRIPCION, NOMBRE) values (26, 'Este es un grupo para que todos podamos divertirnos y pasarla bien', 'natación');
insert into GRUPOS_DE_INTERES_ENTITY (id, DESCRIPCION, NOMBRE) values (27, 'Este es un grupo para que todos podamos divertirnos y pasarla bien', 'natación');
insert into GRUPOS_DE_INTERES_ENTITY (id, DESCRIPCION, NOMBRE) values (28, 'Un grupo hecho sola para las personas más valientes y comprometidas', 'teatro');
insert into GRUPOS_DE_INTERES_ENTITY (id, DESCRIPCION, NOMBRE) values (29, 'Un grupo hecho sola para las personas más valientes y comprometidas', 'tenis');
insert into GRUPOS_DE_INTERES_ENTITY (id, DESCRIPCION, NOMBRE) values (30, 'Este es un grupo para que todos podamos divertirnos y pasarla bien', 'música');
insert into GRUPOS_DE_INTERES_ENTITY (id, DESCRIPCION, NOMBRE) values (31, 'Este es un grupo con el que podemos crecer en lo que nos gusta', 'música');
insert into GRUPOS_DE_INTERES_ENTITY (id, DESCRIPCION, NOMBRE) values (32, 'Este es un grupo para que todos podamos divertirnos y pasarla bien', 'fútbol');
insert into GRUPOS_DE_INTERES_ENTITY (id, DESCRIPCION, NOMBRE) values (33, 'Este es un grupo para que todos podamos divertirnos y pasarla bien', 'fútbol');
insert into GRUPOS_DE_INTERES_ENTITY (id, DESCRIPCION, NOMBRE) values (34, 'Este es un grupo para que todos podamos divertirnos y pasarla bien', 'música');
insert into GRUPOS_DE_INTERES_ENTITY (id, DESCRIPCION, NOMBRE) values (35, 'Este es un grupo con el que podemos crecer en lo que nos gusta', 'tenis');
insert into GRUPOS_DE_INTERES_ENTITY (id, DESCRIPCION, NOMBRE) values (36, 'Un grupo hecho sola para las personas más valientes y comprometidas', 'baloncesto');
insert into GRUPOS_DE_INTERES_ENTITY (id, DESCRIPCION, NOMBRE) values (37, 'Este es un grupo con el que podemos crecer en lo que nos gusta', 'voluntariado');
insert into GRUPOS_DE_INTERES_ENTITY (id, DESCRIPCION, NOMBRE) values (38, 'Un grupo hecho sola para las personas más valientes y comprometidas', 'fútbol');
insert into GRUPOS_DE_INTERES_ENTITY (id, DESCRIPCION, NOMBRE) values (39, 'Un grupo hecho sola para las personas más valientes y comprometidas', 'teatro');
insert into GRUPOS_DE_INTERES_ENTITY (id, DESCRIPCION, NOMBRE) values (40, 'Este es un grupo con el que podemos crecer en lo que nos gusta', 'tenis');
insert into GRUPOS_DE_INTERES_ENTITY (id, DESCRIPCION, NOMBRE) values (41, 'Este es un grupo para que todos podamos divertirnos y pasarla bien', 'natación');
insert into GRUPOS_DE_INTERES_ENTITY (id, DESCRIPCION, NOMBRE) values (42, 'Este es un grupo para que todos podamos divertirnos y pasarla bien', 'fútbol');
insert into GRUPOS_DE_INTERES_ENTITY (id, DESCRIPCION, NOMBRE) values (43, 'Un grupo hecho sola para las personas más valientes y comprometidas', 'arte');
insert into GRUPOS_DE_INTERES_ENTITY (id, DESCRIPCION, NOMBRE) values (44, 'Un grupo hecho sola para las personas más valientes y comprometidas', 'voluntariado');
insert into GRUPOS_DE_INTERES_ENTITY (id, DESCRIPCION, NOMBRE) values (45, 'Un grupo hecho sola para las personas más valientes y comprometidas', 'arte');
insert into GRUPOS_DE_INTERES_ENTITY (id, DESCRIPCION, NOMBRE) values (46, 'Un grupo hecho sola para las personas más valientes y comprometidas', 'voluntariado');
insert into GRUPOS_DE_INTERES_ENTITY (id, DESCRIPCION, NOMBRE) values (47, 'Un grupo hecho sola para las personas más valientes y comprometidas', 'tenis');
insert into GRUPOS_DE_INTERES_ENTITY (id, DESCRIPCION, NOMBRE) values (48, 'Este es un grupo para que todos podamos divertirnos y pasarla bien', 'arte');
insert into GRUPOS_DE_INTERES_ENTITY (id, DESCRIPCION, NOMBRE) values (49, 'Un grupo hecho sola para las personas más valientes y comprometidas', 'baloncesto');
insert into GRUPOS_DE_INTERES_ENTITY (id, DESCRIPCION, NOMBRE) values (50, 'Este es un grupo para que todos podamos divertirnos y pasarla bien', 'teatro');

-- relacion vecino - grupo de interes
insert into GRUPOS_DE_INTERES_ENTITY_VECINOS  (GRUPOS_DE_INTERES_ID , VECINOS_ID ) values (1, 26);
insert into GRUPOS_DE_INTERES_ENTITY_VECINOS  (GRUPOS_DE_INTERES_ID , VECINOS_ID ) values (2, 2);
insert into GRUPOS_DE_INTERES_ENTITY_VECINOS  (GRUPOS_DE_INTERES_ID , VECINOS_ID ) values (3, 43);
insert into GRUPOS_DE_INTERES_ENTITY_VECINOS  (GRUPOS_DE_INTERES_ID , VECINOS_ID ) values (4, 27);
insert into GRUPOS_DE_INTERES_ENTITY_VECINOS  (GRUPOS_DE_INTERES_ID , VECINOS_ID ) values (5, 20);
insert into GRUPOS_DE_INTERES_ENTITY_VECINOS  (GRUPOS_DE_INTERES_ID , VECINOS_ID ) values (6, 35);
insert into GRUPOS_DE_INTERES_ENTITY_VECINOS  (GRUPOS_DE_INTERES_ID , VECINOS_ID ) values (7, 20);
insert into GRUPOS_DE_INTERES_ENTITY_VECINOS  (GRUPOS_DE_INTERES_ID , VECINOS_ID ) values (8, 26);
insert into GRUPOS_DE_INTERES_ENTITY_VECINOS  (GRUPOS_DE_INTERES_ID , VECINOS_ID ) values (9, 44);
insert into GRUPOS_DE_INTERES_ENTITY_VECINOS  (GRUPOS_DE_INTERES_ID , VECINOS_ID ) values (10, 24);
insert into GRUPOS_DE_INTERES_ENTITY_VECINOS  (GRUPOS_DE_INTERES_ID , VECINOS_ID ) values (11, 21);
insert into GRUPOS_DE_INTERES_ENTITY_VECINOS  (GRUPOS_DE_INTERES_ID , VECINOS_ID ) values (12, 31);
insert into GRUPOS_DE_INTERES_ENTITY_VECINOS  (GRUPOS_DE_INTERES_ID , VECINOS_ID ) values (13, 44);
insert into GRUPOS_DE_INTERES_ENTITY_VECINOS  (GRUPOS_DE_INTERES_ID , VECINOS_ID ) values (14, 47);
insert into GRUPOS_DE_INTERES_ENTITY_VECINOS  (GRUPOS_DE_INTERES_ID , VECINOS_ID ) values (15, 29);
insert into GRUPOS_DE_INTERES_ENTITY_VECINOS  (GRUPOS_DE_INTERES_ID , VECINOS_ID ) values (16, 8);
insert into GRUPOS_DE_INTERES_ENTITY_VECINOS  (GRUPOS_DE_INTERES_ID , VECINOS_ID ) values (17, 29);
insert into GRUPOS_DE_INTERES_ENTITY_VECINOS  (GRUPOS_DE_INTERES_ID , VECINOS_ID ) values (18, 46);
insert into GRUPOS_DE_INTERES_ENTITY_VECINOS  (GRUPOS_DE_INTERES_ID , VECINOS_ID ) values (19, 44);
insert into GRUPOS_DE_INTERES_ENTITY_VECINOS  (GRUPOS_DE_INTERES_ID , VECINOS_ID ) values (20, 10);
insert into GRUPOS_DE_INTERES_ENTITY_VECINOS  (GRUPOS_DE_INTERES_ID , VECINOS_ID ) values (21, 17);
insert into GRUPOS_DE_INTERES_ENTITY_VECINOS  (GRUPOS_DE_INTERES_ID , VECINOS_ID ) values (22, 32);
insert into GRUPOS_DE_INTERES_ENTITY_VECINOS  (GRUPOS_DE_INTERES_ID , VECINOS_ID ) values (23, 30);
insert into GRUPOS_DE_INTERES_ENTITY_VECINOS  (GRUPOS_DE_INTERES_ID , VECINOS_ID ) values (24, 4);
insert into GRUPOS_DE_INTERES_ENTITY_VECINOS  (GRUPOS_DE_INTERES_ID , VECINOS_ID ) values (25, 24);
insert into GRUPOS_DE_INTERES_ENTITY_VECINOS  (GRUPOS_DE_INTERES_ID , VECINOS_ID ) values (26, 5);
insert into GRUPOS_DE_INTERES_ENTITY_VECINOS  (GRUPOS_DE_INTERES_ID , VECINOS_ID ) values (27, 11);
insert into GRUPOS_DE_INTERES_ENTITY_VECINOS  (GRUPOS_DE_INTERES_ID , VECINOS_ID ) values (28, 9);
insert into GRUPOS_DE_INTERES_ENTITY_VECINOS  (GRUPOS_DE_INTERES_ID , VECINOS_ID ) values (29, 15);
insert into GRUPOS_DE_INTERES_ENTITY_VECINOS  (GRUPOS_DE_INTERES_ID , VECINOS_ID ) values (30, 6);
insert into GRUPOS_DE_INTERES_ENTITY_VECINOS  (GRUPOS_DE_INTERES_ID , VECINOS_ID ) values (31, 7);
insert into GRUPOS_DE_INTERES_ENTITY_VECINOS  (GRUPOS_DE_INTERES_ID , VECINOS_ID ) values (32, 45);
insert into GRUPOS_DE_INTERES_ENTITY_VECINOS  (GRUPOS_DE_INTERES_ID , VECINOS_ID ) values (33, 28);
insert into GRUPOS_DE_INTERES_ENTITY_VECINOS  (GRUPOS_DE_INTERES_ID , VECINOS_ID ) values (34, 37);
insert into GRUPOS_DE_INTERES_ENTITY_VECINOS  (GRUPOS_DE_INTERES_ID , VECINOS_ID ) values (35, 23);
insert into GRUPOS_DE_INTERES_ENTITY_VECINOS  (GRUPOS_DE_INTERES_ID , VECINOS_ID ) values (36, 35);
insert into GRUPOS_DE_INTERES_ENTITY_VECINOS  (GRUPOS_DE_INTERES_ID , VECINOS_ID ) values (37, 45);
insert into GRUPOS_DE_INTERES_ENTITY_VECINOS  (GRUPOS_DE_INTERES_ID , VECINOS_ID ) values (38, 32);
insert into GRUPOS_DE_INTERES_ENTITY_VECINOS  (GRUPOS_DE_INTERES_ID , VECINOS_ID ) values (39, 48);
insert into GRUPOS_DE_INTERES_ENTITY_VECINOS  (GRUPOS_DE_INTERES_ID , VECINOS_ID ) values (40, 32);
insert into GRUPOS_DE_INTERES_ENTITY_VECINOS  (GRUPOS_DE_INTERES_ID , VECINOS_ID ) values (41, 17);
insert into GRUPOS_DE_INTERES_ENTITY_VECINOS  (GRUPOS_DE_INTERES_ID , VECINOS_ID ) values (42, 34);
insert into GRUPOS_DE_INTERES_ENTITY_VECINOS  (GRUPOS_DE_INTERES_ID , VECINOS_ID ) values (43, 44);
insert into GRUPOS_DE_INTERES_ENTITY_VECINOS  (GRUPOS_DE_INTERES_ID , VECINOS_ID ) values (44, 15);
insert into GRUPOS_DE_INTERES_ENTITY_VECINOS  (GRUPOS_DE_INTERES_ID , VECINOS_ID ) values (45, 8);
insert into GRUPOS_DE_INTERES_ENTITY_VECINOS  (GRUPOS_DE_INTERES_ID , VECINOS_ID ) values (46, 27);
insert into GRUPOS_DE_INTERES_ENTITY_VECINOS  (GRUPOS_DE_INTERES_ID , VECINOS_ID ) values (47, 32);
insert into GRUPOS_DE_INTERES_ENTITY_VECINOS  (GRUPOS_DE_INTERES_ID , VECINOS_ID ) values (48, 42);
insert into GRUPOS_DE_INTERES_ENTITY_VECINOS  (GRUPOS_DE_INTERES_ID , VECINOS_ID ) values (49, 46);
insert into GRUPOS_DE_INTERES_ENTITY_VECINOS  (GRUPOS_DE_INTERES_ID , VECINOS_ID ) values (50, 31);

--centros comerciales
INSERT INTO centro_comercial_entity (calificacion, descripcion, nombre, ubicacion, vecindario_id) VALUES
(4.2, 'Gran centro comercial', 'Mall Plaza', 'Calle Principal 123', 1);

INSERT INTO centro_comercial_entity (calificacion, descripcion, nombre, ubicacion, vecindario_id) VALUES
(3.8, 'Destino urbano de compras', 'City Center Mall', 'Avenida Roble 456', 2);

INSERT INTO centro_comercial_entity (calificacion, descripcion, nombre, ubicacion, vecindario_id) VALUES
(4.5, 'Compras y entretenimiento', 'Sunset Plaza', 'Calle Arce 789', 3);

INSERT INTO centro_comercial_entity (calificacion, descripcion, nombre, ubicacion, vecindario_id) VALUES
(4.0, 'Núcleo central de compras', 'Downtown Square Mall', 'Boulevard Pino 101', 4);

INSERT INTO centro_comercial_entity (calificacion, descripcion, nombre, ubicacion, vecindario_id) VALUES
(4.8, 'Experiencia de compras frente al mar', 'Harbor View Mall', 'Drive Lakeshore 202', 5);

INSERT INTO centro_comercial_entity (calificacion, descripcion, nombre, ubicacion, vecindario_id) VALUES
(3.5, 'Terapia de compras en el valle', 'Valley Mall', 'Calle Valley 555', 6);

INSERT INTO centro_comercial_entity (calificacion, descripcion, nombre, ubicacion, vecindario_id) VALUES
(4.1, 'Compras con temática tropical', 'Palm Oasis Shopping Center', 'Calle Palm 777', 7);

INSERT INTO centro_comercial_entity (calificacion, descripcion, nombre, ubicacion, vecindario_id) VALUES
(3.9, 'Compras orientadas al tránsito', 'Metro Junction', 'Transit Lane 888', 8);

INSERT INTO centro_comercial_entity (calificacion, descripcion, nombre, ubicacion, vecindario_id) VALUES
(4.4, 'Compras inspiradas en la naturaleza', 'Silver Springs Plaza', 'Silver Street 999', 9);

INSERT INTO centro_comercial_entity (calificacion, descripcion, nombre, ubicacion, vecindario_id) VALUES
(4.2, 'Compras entre espacios verdes', 'Central Park Mall', 'Avenida Park 111', 1);

INSERT INTO centro_comercial_entity (calificacion, descripcion, nombre, ubicacion, vecindario_id) VALUES
(4.2, 'Gran centro comercial', 'Mall Plaza', 'Calle Principal 123', 1);

INSERT INTO centro_comercial_entity (calificacion, descripcion, nombre, ubicacion, vecindario_id) VALUES
(3.8, 'Destino urbano de compras', 'City Center Mall', 'Avenida Roble 456', 1);

INSERT INTO centro_comercial_entity (calificacion, descripcion, nombre, ubicacion, vecindario_id) VALUES
(4.5, 'Compras y entretenimiento', 'Sunset Plaza', 'Calle Arce 789', 13);

INSERT INTO centro_comercial_entity (calificacion, descripcion, nombre, ubicacion, vecindario_id) VALUES
(4.0, 'Núcleo central de compras', 'Downtown Square Mall', 'Boulevard Pino 101', 14);

INSERT INTO centro_comercial_entity (calificacion, descripcion, nombre, ubicacion, vecindario_id) VALUES
(4.8, 'Experiencia de compras frente al mar', 'Harbor View Mall', 'Drive Lakeshore 202', 15);

INSERT INTO centro_comercial_entity (calificacion, descripcion, nombre, ubicacion, vecindario_id) VALUES
(3.5, 'Terapia de compras en el valle', 'Valley Mall', 'Calle Valley 555', 16);

INSERT INTO centro_comercial_entity (calificacion, descripcion, nombre, ubicacion, vecindario_id) VALUES
(4.1, 'Compras con temática tropical', 'Palm Oasis Shopping Center', 'Calle Palm 777', 17);

INSERT INTO centro_comercial_entity (calificacion, descripcion, nombre, ubicacion, vecindario_id) VALUES
(3.9, 'Compras orientadas al tránsito', 'Metro Junction', 'Transit Lane 888', 18);

INSERT INTO centro_comercial_entity (calificacion, descripcion, nombre, ubicacion, vecindario_id) VALUES
(4.4, 'Compras inspiradas en la naturaleza', 'Silver Springs Plaza', 'Silver Street 999', 19);

INSERT INTO centro_comercial_entity (calificacion, descripcion, nombre, ubicacion, vecindario_id) VALUES
(4.2, 'Compras entre espacios verdes', 'Central Park Mall', 'Avenida Park 111', 20);
